#{"t_start": 1779068000.972277, "env_id": "None"}
r,l,t
-0.01,1,0.620439
-0.330761,6,0.648762
0.083287,3,0.663439
-0.243635,8,0.700101
-0.364143,5,0.724684
-0.557509,10,0.770483
-0.219225,3,0.784238
-0.596379,5,0.80613
0.026678,4,0.826515
-0.640662,7,0.859492
0.007341,4,0.879489
0.034058,2,0.890171
-0.5702,11,0.943595
0.175981,3,0.958761
0.004089,2,0.968893
-0.619498,9,1.009594
-0.607511,4,1.029962
-0.715709,13,1.090184
-0.434644,2,1.099523
-0.577587,2,1.108709
0.064951,13,1.17274
-0.01,1,1.178374
0.066135,2,1.188479
-0.412485,7,1.219604
-0.004157,6,1.250338
0.176601,5,1.273995
-0.714975,9,1.311844
-0.20626,3,1.32517
-0.606352,7,1.358493
-0.601811,11,1.406274
0.014908,2,1.416073
-0.01,1,1.421413
-0.01,1,1.428035
0.044054,6,1.457086
-0.521802,4,1.474269
0.054458,5,1.496945
-0.354109,9,1.538763
0.045058,2,1.548937
-0.149672,19,1.633733
-0.01,1,1.639133
-0.19055,3,1.653794
-0.343306,9,1.694219
-0.379221,3,1.707679
0.088909,8,1.745316
-0.016,2,1.756636
0.01012,3,1.772029
0.0135,4,1.790736
-0.01,1,1.796208
0.003844,2,1.807365
0.067019,3,1.821654
0.038715,2,1.831552
-0.01,1,1.836932
0.079296,3,1.852391
-0.47855,10,1.89781
-0.01,1,1.903544
-0.428157,6,1.929925
-0.01,1,1.936669
-0.479229,7,1.96857
-0.662087,13,2.024991
-0.509638,3,2.038368
-0.459437,3,2.053231
0.033951,4,2.072993
0.117576,3,2.087954
-0.566532,9,2.128386
-0.3882,6,2.15555
-0.01,1,2.161044
-1.140386,20,2.244669
-0.01,1,2.2501
0.016878,2,2.261134
-0.395023,5,2.283828
-0.46207,2,2.293152
-1.021896,6,2.318183
0.069786,4,2.338179
-0.348905,7,2.369289
-0.01939,5,2.394053
-0.590659,4,2.41152
-0.01,1,2.41844
-0.01,1,2.424016
-0.707305,3,2.437069
-0.000391,2,2.447322
-0.550682,5,2.471545
-0.01,1,2.477141
-0.362242,10,2.522093
-0.508025,2,2.531173
-0.01,1,2.537806
0.259698,3,2.552101
-0.01,1,2.557574
-0.153158,3,2.571144
-0.564426,8,2.608732
-0.545851,3,2.621507
0.001442,2,2.631644
-0.332613,3,2.645108
0.02961,2,2.65621
-0.274114,3,2.669938
-0.142826,4,2.688
-0.843433,11,2.735826
0.007761,3,2.751292
-0.254936,3,2.764845
0.182437,2,2.774794
0.001575,3,2.789034
-0.294718,2,2.800367
9.7e-05,2,2.810133
-0.459139,9,2.848299
0.225688,2,2.858168
-0.760138,17,2.937699
-0.362493,4,2.955345
-0.905893,15,3.020005
-0.322171,2,3.029285
0.066223,4,3.049751
-0.01,1,3.055483
-0.704971,5,3.07854
-0.650576,4,3.096514
-0.01,1,3.104483
0.038194,3,3.119097
0.006492,2,3.129206
0.000101,2,3.138843
0.032012,2,3.150144
-0.01,1,3.155552
-0.01,1,3.16097
-0.299175,2,3.169955
-1.010502,16,3.239679
0.052842,2,3.249415
-0.766951,10,3.29229
-0.01,1,3.29766
-0.888281,5,3.321556
-0.01,1,3.327173
-0.337923,2,3.336414
-0.01,1,3.342012
-0.313934,4,3.36179
-0.985377,16,3.431741
-0.522403,15,3.496708
-0.01,1,3.502133
-0.006049,3,3.517584
0.302065,12,3.572112
-1.007681,24,3.675593
0.051743,2,3.685683
0.075516,2,3.696981
-0.621047,7,3.726906
-0.389692,4,3.746187
0.024154,4,3.765472
-0.285872,4,3.784586
-0.48388,3,3.797183
-0.994449,10,3.840069
0.033544,4,3.859438
-0.01,1,3.86628
0.020851,3,3.88172
-0.01,1,3.887367
-0.01,1,3.893225
0.020137,2,3.90496
-0.195707,14,3.969931
-0.685766,3,3.982732
0.036058,2,3.992679
-0.016,2,4.003826
-0.427243,22,4.101459
-0.318625,2,4.110482
-0.01,1,4.115841
-0.146239,6,4.144479
0.010377,2,4.155768
-0.51733,8,4.191738
-0.467197,4,4.209846
-0.50134,5,4.23269
-0.415261,5,4.255243
-0.01,1,4.260614
0.021901,3,4.274887
0.007563,3,4.290342
-0.01,1,4.295703
-0.71833,10,4.339945
-0.037992,7,4.37286
-0.371351,3,4.388259
-0.454497,6,4.415491
-0.01,1,4.421056
-0.470364,3,4.435048
-0.002995,2,4.446716
0.020187,3,4.462624
-0.515863,4,4.480582
0.161275,4,4.500518
-0.746517,4,4.520335
-0.01,1,4.526243
-0.701325,5,4.54945
-0.01,1,4.555376
-0.01,1,4.563575
-0.01,1,4.569457
-0.01,1,4.57533
-0.935323,10,4.618667
-0.808214,5,4.641414
-0.743143,7,4.672251
0.068976,3,4.686889
-0.01,1,4.692414
0.312669,7,4.725938
-0.640942,3,4.739633
-0.422095,3,4.753123
-0.01,1,4.758586
-0.01,1,4.76633
0.012446,2,4.776461
-0.267719,7,4.807715
-0.01,1,4.813147
0.14985,2,4.824334
-0.01,1,4.829711
-0.385077,6,4.856068
-0.000592,2,4.866295
0.015136,2,4.878658
-0.481617,12,4.932551
-0.493985,13,4.99536
-0.01,1,5.001333
-0.378813,7,5.035758
-0.01,1,5.041333
-0.324276,2,5.050414
-0.508789,3,5.064236
-0.227778,10,5.11279
-0.771623,9,5.151961
0.119067,5,5.17472
0.04419,2,5.185887
-0.016599,16,5.257884
-0.666068,12,5.454547
-0.526187,14,5.521195
-0.01,1,5.526856
-0.01,1,5.535037
-0.01,1,5.540612
-0.970751,4,5.558352
-0.01,1,5.563971
0.06071,6,5.599927
0.037074,3,5.614235
-0.443988,3,5.629022
-0.312051,10,5.678291
0.292316,5,5.707549
-0.324089,5,5.731197
-0.179311,8,5.769588
-0.487911,7,5.804837
0.05262,6,5.837129
0.007154,2,5.850695
-1.009648,14,5.916634
-0.270131,6,5.946156
-0.37648,3,5.962459
-0.409663,5,5.985627
0.029418,2,5.995365
-0.485544,4,6.014437
0.053618,3,6.031293
0.028808,2,6.042352
-0.374874,7,6.074798
-0.01,1,6.081423
-0.427148,14,6.150072
-0.676458,22,6.256574
-0.478564,10,6.302378
-0.01,1,6.308836
-0.352303,8,6.349231
-0.01,1,6.356045
0.048993,3,6.37027
0.046802,2,6.381407
-0.067787,7,6.417525
0.025373,4,6.437902
0.038632,3,6.451963
-0.836874,22,6.553177
-0.01,1,6.559923
-0.729669,11,6.610754
-0.288141,2,6.621813
-0.386509,8,6.659851
-0.01,1,6.668231
0.033617,2,6.678075
-0.834234,14,6.744716
0.004063,3,6.759741
-0.631467,11,6.813177
-0.01,1,6.818839
-0.320107,4,6.839975
0.051091,2,6.851646
0.055452,8,6.893912
-0.246048,7,6.930146
-0.490236,4,6.950192
-0.169526,6,6.979111
-0.299139,8,7.019795
-0.586687,23,7.133262
-0.892489,5,7.157915
0.018338,2,7.169801
-0.535734,14,7.237138
-0.01,1,7.243544
-0.000463,2,7.25496
-0.408994,6,7.282844
-0.204676,8,7.322053
-0.01,1,7.328565
0.069156,2,7.338263
-0.01,1,7.343704
0.05302,4,7.366467
-0.699296,37,7.535756
-0.481732,6,7.564562
-0.01,1,7.569968
-0.491053,3,7.586063
0.068631,2,7.597707
-0.573211,22,7.703765
-0.01,1,7.709715
0.017623,3,7.729393
-0.627093,11,7.788949
-0.01,1,7.794348
-0.515794,5,7.817304
0.070758,2,7.82988
-0.01,1,7.835227
0.023605,3,7.850409
-0.144049,7,7.884462
-0.01,1,7.891397
-0.570483,2,7.900298
0.110679,5,7.926192
-0.355026,14,7.991672
-0.01,1,7.998682
0.026421,2,8.009884
-0.305427,3,8.024332
-0.01,1,8.029722
-0.01,1,8.036676
0.001721,4,8.056208
-0.808265,29,8.192991
-0.349187,6,8.222292
-0.01,1,8.229224
0.044399,2,8.240431
-0.016,2,8.250123
-0.01,1,8.255454
-0.426801,2,8.26718
-0.01,1,8.272507
-0.306516,2,8.284087
-0.3407,2,8.293389
-0.01,1,8.300839
-0.01,1,8.307694
0.052076,5,8.332714
-0.178141,9,8.374925
-0.327489,6,8.407388
-0.932072,15,8.472227
-0.330897,4,8.49374
0.066812,4,8.515221
-0.261069,9,8.561492
-0.290946,2,8.570582
0.117872,5,8.596482
0.025981,3,8.612701
-0.520136,9,8.65771
-0.399587,2,8.668086
0.12302,3,8.683504
0.033368,2,8.693559
0.049186,3,8.712652
-0.01,1,8.718192
0.021916,3,8.734065
-0.374038,3,8.748484
-0.310791,2,8.759034
-0.257145,7,8.79235
-0.153753,3,8.807944
-0.270316,4,8.82654
0.008564,2,8.837931
0.130732,3,8.853423
0.009907,3,8.86895
-0.82563,7,8.903057
-0.01,1,8.911793
-0.01,1,8.917345
-0.022,3,8.933432
-0.679574,8,8.969276
-0.29437,15,9.046575
-0.475877,5,9.070689
-0.01,1,9.076032
-0.334537,8,9.117153
-0.007614,6,9.148716
0.027955,5,9.174671
-0.307877,5,9.198344
0.009963,2,9.209601
-0.6578,21,9.309366
-0.243826,9,9.351622
-0.612961,8,9.388918
-0.01,1,9.39436
0.110786,5,9.422214
-0.595772,20,9.517823
-0.401661,6,9.547918
-0.01,1,9.553296
0.151755,6,9.584812
0.041055,2,9.594612
0.112493,4,9.614844
0.046859,2,9.62804
-0.275618,6,9.658121
-0.01,1,9.663465
-0.614002,11,9.715029
0.033579,4,9.736298
0.103268,4,9.758238
-0.01,1,9.763708
-0.01,1,9.770378
-0.016,2,9.780257
-0.563684,7,9.817474
0.091518,4,9.839445
-0.288411,9,9.882598
-0.793875,7,9.915934
0.000648,2,9.927355
-0.261713,7,9.961638
-0.456833,10,10.008952
-0.01,1,10.014553
0.06719,3,10.0318
-0.01,1,10.038435
-0.505778,13,10.099504
0.002317,2,10.110833
0.166724,3,10.127102
-0.100473,5,10.153882
-0.143773,4,10.173713
0.123881,5,10.199237
-0.329514,4,10.220354
0.124134,4,10.240366
0.013241,2,10.2512
-0.33394,4,10.270682
-0.47047,13,10.333285
-0.01,1,10.338608
-0.231346,2,10.347515
-0.536056,2,10.358699
-0.245299,17,10.441328
0.042462,2,10.453456
-0.01,1,10.458935
-0.279863,3,10.473569
-0.751761,4,10.493683
-0.01,1,10.499261
-0.406465,6,10.527732
-0.267222,5,10.554571
0.029902,2,10.565761
-0.01,1,10.571179
-0.429956,2,10.581433
-0.511699,5,10.604887
-0.311279,8,10.64485
-0.587806,3,10.659659
-0.415469,7,10.692241
-0.59585,6,10.720103
-0.293979,4,10.741308
0.029176,4,10.762831
-0.33743,17,10.84357
-0.58825,6,10.873895
0.112021,6,10.905466
-0.016,2,10.9167
0.019451,5,10.941969
-0.282216,12,11.000357
-0.301879,9,11.044684
-0.01,1,11.051163
-0.539731,5,11.07502
-0.389696,13,11.138767
-0.522105,12,11.199419
-0.444937,8,11.237405
0.24433,9,11.281171
-0.656341,2,11.29148
0.068854,3,11.308406
-0.000847,5,11.333384
-0.521738,5,11.356822
-0.01,1,11.362325
-0.570349,8,11.402189
-0.01,1,11.408845
-0.467624,5,11.433291
-0.795595,24,11.547768
-0.170181,10,11.598687
-0.598852,9,11.641158
-1.385431,25,11.755118
-0.277067,8,11.794718
-0.598283,24,11.910252
0.0931,2,11.92035
0.023302,2,11.932145
0.11806,4,11.952657
-0.430524,3,11.96913
0.015341,4,11.990379
-0.01,1,11.995876
-0.40487,6,12.025204
-0.410831,4,12.047552
-0.01,1,12.054099
-0.533079,10,12.100301
-0.342774,2,12.110857
-0.245399,10,12.160103
-0.279848,5,12.183865
-0.01,1,12.190618
0.086098,10,12.239877
-0.231891,2,12.251532
-0.421828,2,12.260551
-0.016,2,12.271451
-0.01,1,12.276881
-0.002226,3,12.294073
-0.411643,7,12.327811
0.09304,4,12.347882
-0.845043,23,12.456496
-0.138136,6,12.487451
-0.711578,4,12.50669
-0.016,2,12.516908
0.011047,4,12.537083
0.017031,2,12.549476
0.040551,2,12.55933
-0.01,1,12.564627
-0.186108,5,12.589577
-0.01,1,12.596342
-0.192836,6,12.626407
-0.01,1,12.632971
-0.01,1,12.638371
-0.01,1,12.644981
-0.912745,10,12.691495
-0.01,1,12.697023
-0.532045,26,12.823598
0.120738,2,12.83662
0.027424,2,12.847024
0.012022,2,12.85903
-0.01,1,12.864878
-0.01,1,12.872
-0.533316,3,12.887688
-0.898904,7,12.923836
-0.344191,3,12.939096
-0.254743,4,12.959933
-0.851119,8,12.995688
-0.157563,12,13.055709
-0.322235,12,13.113261
0.03773,3,13.131147
-0.167546,14,13.204767
-0.242735,5,13.230536
0.119378,5,13.255768
0.009978,2,13.268334
-0.362877,7,13.30168
0.006136,2,13.311621
0.060743,2,13.323071
-0.552322,8,13.364777
-0.803075,3,13.377786
-0.580235,8,13.41405
0.014168,6,13.445624
0.066005,5,13.472975
-0.469386,3,13.488094
0.078048,3,13.503395
0.043701,3,13.517843
-0.01,1,13.526164
0.005555,2,13.537545
-0.483746,3,13.552964
0.140052,7,13.588833
-0.659884,11,13.642497
-0.653171,3,13.657949
0.000656,2,13.669508
-0.01,1,13.675093
-0.01,1,13.682078
-0.004757,5,13.707229
-0.01,1,13.714165
-0.443745,4,13.732416
-0.332242,4,13.756127
-0.365847,3,13.769455
0.203536,5,13.795457
-0.324967,4,13.814765
-0.975524,6,13.845188
-0.632079,19,13.936428
0.079415,4,13.958007
-0.208891,4,13.977863
-0.309377,3,13.994479
-0.754013,39,14.179094
0.057988,3,14.194384
0.092006,3,14.210059
-0.878698,18,14.296143
0.010223,2,14.307219
-0.555455,3,14.321954
-0.451475,5,14.344742
-0.610132,6,14.374086
0.073115,2,14.386393
-0.725581,5,14.410904
-0.01,1,14.416711
0.055458,3,14.435258
-0.258086,8,14.477011
-0.974042,12,14.53483
0.035239,3,14.551144
0.024656,3,14.570106
-0.181124,6,14.599484
-0.745871,5,14.622368
-0.73592,7,14.654902
-0.01,1,14.661698
-1.011364,22,14.767531
0.004521,2,14.778254
-0.016,2,14.789331
-0.679249,5,14.813572
-0.451879,8,14.852399
-0.01,1,14.857786
-0.277321,8,14.898522
0.00592,3,14.916534
0.190776,6,14.951075
-0.01,1,14.956795
-0.206249,11,15.016119
-0.016,2,15.028029
0.171793,3,15.0445
-0.01,1,15.049938
-0.259481,4,15.0704
-0.424709,8,15.111254
-0.502516,9,15.155009
0.160948,3,15.171613
-0.51384,11,15.225796
-0.307214,9,15.26931
-0.707288,7,15.302488
0.053612,2,15.312251
-0.01,1,15.31862
-0.428197,3,15.332639
0.319231,3,15.348017
-0.529205,12,15.404442
-0.01,1,15.409822
-0.273137,5,15.4365
0.020263,3,15.450704
-0.606824,2,15.460691
-0.01,1,15.465995
-0.345364,4,15.48723
-0.547672,4,15.507285
-0.818329,8,15.544634
-1.030642,22,15.647116
0.044964,2,15.658342
-0.01,1,15.663715
0.0321,4,15.685599
0.172084,5,15.714871
-0.668404,4,15.736117
-0.01,1,15.741971
-0.016,2,15.751901
-1.268436,16,15.826777
0.04433,3,15.845538
0.120966,4,15.867902
-0.540506,2,15.878892
0.019258,2,15.889547
-0.01,1,15.897702
-0.01,1,15.904716
-0.660074,21,16.003038
0.033832,2,16.012852
-0.01,1,16.020754
-0.489141,11,16.072786
-0.005012,3,16.089343
0.084435,4,16.111704
-0.016,2,16.124548
0.164256,2,16.134842
-0.452575,9,16.180281
-0.274972,5,16.207227
-0.266194,4,16.228795
-0.006652,5,16.253323
-0.390145,8,16.291396
-0.515472,9,16.335249
0.064928,8,16.377533
-0.405518,3,16.392473
-0.432143,7,16.427399
-0.571979,13,16.489285
-0.74776,29,16.634562
-0.004683,12,16.695271
0.032317,2,16.706658
0.062529,4,16.728407
0.129581,8,16.769036
-0.01,1,16.774415
-0.426369,3,16.788044
0.036478,2,16.797885
0.071675,5,16.82478
-0.204962,4,16.844472
-0.466748,3,16.859675
-0.498911,6,16.888732
0.106061,8,16.932134
-0.163545,5,16.956191
-0.01,1,16.961578
0.154838,7,16.995818
-0.323627,13,17.058345
-0.01,1,17.063709
-0.221086,10,17.11181
-0.016,2,17.121698
0.330003,5,17.151302
-0.01,1,17.156792
-0.288387,13,17.220798
-0.292009,7,17.25576
-1.044204,15,17.325164
0.001674,2,17.336627
-0.682737,16,17.413568
0.026176,4,17.433657
0.137459,5,17.461155
-0.699027,7,17.493364
-0.646758,3,17.508267
0.003026,3,17.524068
-0.633801,19,17.617396
0.006297,2,17.628601
0.05081,3,17.644539
-0.366605,6,17.673392
-0.451439,2,17.684871
0.001448,3,17.699263
-0.000472,2,17.710359
-0.730316,10,17.756547
-0.515851,18,17.842073
-0.56924,22,17.948954
-0.700752,9,17.993256
-0.521187,9,18.035217
-0.01,1,18.042122
0.207623,5,18.068199
0.033178,4,18.088265
-0.01,1,18.094883
0.112057,2,18.106266
-0.098883,12,18.163209
-0.567846,2,18.174441
-0.105218,7,18.206779
-0.312371,5,18.233336
-0.453895,3,18.24678
0.007332,3,18.262074
-0.016,2,18.274473
-0.01,1,18.28139
0.214574,6,18.309826
-0.577627,11,18.36305
0.115471,4,18.384798
0.197614,3,18.402229
-0.219872,15,18.473767
-0.01,1,18.480197
-0.01,1,18.485616
0.141049,7,18.522433
-0.723565,10,18.569047
0.154384,5,18.595846
-0.696202,5,18.618203
0.156872,5,18.644064
-0.01,1,18.649476
-0.000352,3,18.665214
-0.450749,2,18.675681
-0.34116,4,18.697571
-0.570943,2,18.706917
-0.194122,6,18.73711
-0.441926,2,18.746167
0.099193,8,18.788306
-0.777901,29,18.926861
-0.308484,5,18.952497
-0.69804,6,18.980177
0.033952,9,19.025316
-0.389421,3,19.039921
-0.532156,5,19.063136
-1.107439,26,19.189633
-0.128175,13,19.256602
-0.608471,6,19.285088
-0.854455,6,19.312323
-0.386173,25,19.434782
-0.268636,5,19.461207
-0.271065,9,19.50711
-0.000504,3,19.523105
-0.016,2,19.533257
0.306681,5,19.560114
-0.781176,5,19.584391
-0.220695,5,19.609223
-0.01,1,19.614719
-0.25362,7,19.652012
-0.912584,7,19.683393
0.113124,3,19.697497
-0.01,1,19.704151
-0.01,1,19.712394
-0.01,1,19.717784
0.027512,2,19.72908
-0.01,1,19.734756
-0.198239,3,19.751462
0.013104,2,19.7614
0.040629,2,19.772569
-0.01,1,19.777988
-0.354268,5,19.803599
0.028224,2,19.816024
-0.399557,16,19.893882
0.026523,3,19.908736
-0.01,1,19.918027
0.055759,8,19.957913
-0.943109,14,20.023769
-0.50634,15,20.097799
-0.029718,14,20.168869
-0.20745,4,20.188936
0.05575,9,20.236597
0.028597,6,20.266943
0.017779,3,20.28385
-0.931409,19,20.374867
-0.479116,7,20.407065
-0.656004,13,20.469972
-0.01,1,20.476917
-0.820577,18,20.562195
0.046349,4,20.582254
-0.01,1,20.588969
0.020067,4,20.610528
0.087091,9,20.656449
-0.347058,5,20.680935
-0.01,1,20.686543
-0.586222,3,20.702443
0.02419,3,20.718121
-0.006114,9,20.762758
-0.371291,8,20.802151
-0.85892,20,20.902584
-0.401532,2,20.913627
-1.16271,35,21.080169
0.132647,4,21.100049
0.043853,2,21.112677
-0.005005,15,21.187398
-0.016,2,21.197704
-0.459382,7,21.233142
0.035661,2,21.245197
-0.341879,5,21.272415
-0.01,1,21.27805
-0.484787,4,21.297382
-0.01,1,21.304199
-0.436312,7,21.33843
-0.01,1,21.343819
-0.01,1,21.349108
-0.372451,4,21.369729
-0.01,1,21.376591
-0.473708,2,21.385805
-0.01,1,21.39133
0.320474,8,21.431512
-0.754003,9,21.476571
-0.01,1,21.482029
0.177189,4,21.502164
-0.423826,7,21.538482
-0.392543,8,21.57885
0.021285,2,21.589045
-0.718771,16,21.663541
-0.01,1,21.670323
0.176999,8,21.709851
-0.549043,15,21.782607
-0.01,1,21.78799
-0.341734,9,21.833389
-0.01,1,21.838738
-0.198079,7,21.873492
0.039224,2,21.883223
-0.01,1,21.89
-0.01,1,21.896866
-0.79629,10,21.943751
-0.535164,6,21.973823
-0.33794,5,21.998891
-0.55324,4,22.017571
0.017867,4,22.038311
-0.01,1,22.043911
-0.326933,2,22.055717
-0.619862,12,22.114099
0.031878,6,22.143664
0.054625,3,22.160178
-0.893183,10,22.209169
0.010134,3,22.225494
-0.384823,3,22.240683
-0.489207,11,22.295329
-0.572017,8,22.335537
-0.562243,10,22.384039
0.026899,3,22.400187
-0.159164,6,22.429217
0.025651,2,22.441828
-0.432805,8,22.481653
-0.00828,5,22.50685
0.057082,5,22.532037
-0.346146,8,22.571457
-0.367357,8,22.610097
-0.01,1,22.616745
-0.200233,7,22.649495
0.053313,3,22.666389
-0.01,1,22.671681
-0.016,2,22.683866
-0.01,1,22.689301
0.060028,5,22.715125
0.077134,11,22.768082
0.06369,8,22.808086
0.000134,4,22.827924
-0.490402,9,22.871807
-0.225093,10,22.923032
-0.01,1,22.92868
-0.232111,12,22.987355
0.060927,2,23.000128
-0.482375,10,23.047239
-0.960403,21,23.145497
-0.671424,6,23.174462
0.06171,3,23.192871
-0.345287,3,23.207518
0.042583,2,23.220098
-0.01,1,23.225999
0.027398,3,23.243828
-0.468727,4,23.263348
-0.016,2,23.273457
-0.237745,5,23.300016
-0.01,1,23.307005
0.039173,2,23.317107
-0.297616,10,23.36568
0.019183,2,23.375694
0.097155,4,23.39801
-0.83522,14,23.460956
0.015665,2,23.470723
-0.574376,16,23.546639
-0.009674,4,23.568524
-0.01,1,23.575014
0.155813,9,23.619411
0.039809,21,23.72113
-0.55422,2,23.732831
0.15959,5,23.757674
-0.478772,7,23.792406
0.024068,5,23.818512
-0.280015,12,23.880914
-0.608042,8,23.921204
-0.262834,13,23.990246
-0.01,1,23.995804
-0.267778,7,24.031917
0.044202,7,24.06702
-0.01,1,24.072354
-0.25042,6,24.101668
-0.295932,3,24.118041
-0.38361,7,24.152053
0.155455,6,24.182438
-0.237717,17,24.26386
0.369784,5,24.290214
-0.526076,12,24.349945
-0.451044,7,24.385576
0.039324,2,24.396092
-0.559953,8,24.439358
-0.016,2,24.450793
-0.090476,6,24.480162
-0.377518,4,24.501146
-0.679783,5,24.529417
0.074011,2,24.540441
0.229886,5,24.566296
-0.01,1,24.573273
-0.293007,16,24.654465
-0.447427,9,24.698093
-0.710328,10,24.746356
-0.432639,5,24.771625
-0.48908,11,24.822971
0.170394,8,24.862947
0.021857,2,24.874413
-0.688802,16,24.957835
-0.561457,9,25.006007
0.006522,3,25.023289
-0.30164,4,25.044415
-0.085544,9,25.088319
-0.639339,3,25.104198
0.274161,7,25.141137
0.086458,3,25.155889
-0.447929,3,25.171526
-0.01,1,25.178605
0.133439,6,25.209786
0.035501,3,25.226514
-0.510055,10,25.27807
0.042358,3,25.295888
0.120146,10,25.345947
0.013832,3,25.361733
-0.646017,16,25.436335
-0.309097,3,25.453995
-0.009131,19,25.547677
-0.422793,9,25.590561
0.017096,2,25.600537
-0.01,1,25.608761
-0.022,3,25.623536
0.118606,6,25.655124
-0.440976,9,25.696737
-0.942018,13,25.76275
0.119356,12,25.823636
0.037885,2,25.836412
-0.298538,14,25.909356
-0.209462,10,25.961776
-0.551267,6,25.989586
-0.674014,11,26.040648
-0.01,1,26.04606
0.004855,3,26.064255
0.067016,3,26.080554
0.179373,4,26.101599
0.016624,3,26.117551
-1.074765,18,26.204782
0.07495,3,26.221211
-0.01,1,26.226584
0.08838,6,26.256538
-0.521439,7,26.291554
-0.01,1,26.29816
-0.343082,10,26.345949
-0.259487,8,26.38636
-0.01,1,26.393623
0.11954,3,26.409757
-0.396272,2,26.420341
0.110966,9,26.463882
-0.01,1,26.470744
0.060085,5,26.497512
-0.189477,3,26.51247
-0.599654,18,26.597775
-0.593833,18,26.685839
0.097528,3,26.701426
-0.01,1,26.706794
0.179689,3,26.72245
0.090755,5,26.748686
0.013926,4,26.769629
-0.446357,8,26.807487
-0.184765,6,26.837606
-0.01,1,26.84462
0.011825,3,26.8602
-0.214337,10,26.911051
-0.01,1,26.916827
-0.002385,2,26.930539
-0.34396,6,26.958098
-0.264578,6,26.987547
-0.009525,5,27.013219
-0.409291,10,27.061815
0.056661,2,27.071673
-0.002757,3,27.087587
-0.305517,9,27.132179
0.069221,5,27.158979
-0.01,1,27.165722
-0.637223,9,27.209168
-0.01,1,27.214741
0.075388,3,27.2326
-0.420244,3,27.248653
-0.241015,23,27.362707
-0.605214,8,27.402006
-0.784478,5,27.428703
0.120808,5,27.453755
-0.534893,2,27.462665
-0.634188,9,27.505606
-0.135377,18,27.59361
-0.01,1,27.599532
-0.402881,9,27.646563
-0.6056,5,27.669841
0.130494,5,27.696116
-0.001007,2,27.707078
-0.01,1,27.712471
0.031734,2,27.723639
0.006151,3,27.740759
-0.210503,5,27.765435
0.119679,6,27.796225
-0.01,1,27.80159
-0.382941,11,27.856054
0.119107,3,27.871524
-0.517954,8,27.908906
0.015173,2,27.918872
-0.610503,35,28.08588
-0.217365,9,28.13026
-0.188279,8,28.170101
-0.01,1,28.175648
-0.654318,4,28.196191
-0.01,1,28.203007
0.114876,2,28.213321
-0.337328,4,28.234363
-0.01,1,28.241426
-0.536856,6,28.271385
-0.008582,3,28.287135
-0.01,1,28.292497
-0.075375,12,28.355006
-0.567211,15,28.425914
-0.655486,3,28.441796
0.059581,5,28.468785
-0.431068,11,28.522
-0.01,1,28.528618
-0.323753,12,28.590405
-0.016,2,28.600997
-0.143023,18,28.693625
-0.043109,12,28.753462
0.076054,3,28.76786
0.081817,2,28.779079
-0.319761,13,28.84077
0.065252,3,28.857454
0.06531,2,28.867613
-1.014472,19,28.96174
0.200292,13,29.026747
0.03558,4,29.047219
0.045272,3,29.064178
-0.01,1,29.069646
-0.876163,11,29.121001
0.040544,5,29.145736
-0.854031,14,29.2126
-0.705367,10,29.261544
0.051934,2,29.275093
-0.016,2,29.285797
-0.764298,27,29.417109
-0.01,1,29.422704
-0.369853,14,29.496547
-0.524486,7,29.531147
-0.707537,14,29.601884
0.074875,4,29.622837
-0.224808,7,29.659407
-0.01,1,29.664742
-0.371905,11,29.720017
-0.531306,23,29.834485
-0.540128,3,29.848475
-0.605491,17,29.93364
0.085117,2,29.944132
-0.50453,5,29.966936
0.229781,5,29.996066
0.242116,5,30.020845
-0.292534,7,30.0546
-0.371279,8,30.094249
-0.275749,4,30.114448
-0.418943,4,30.134101
-0.252601,10,30.181138
-0.529607,10,30.230414
-0.222563,9,30.274725
-0.402992,6,30.304087
0.184554,12,30.362997
0.012297,2,30.374226
0.062305,6,30.406062
-0.400763,4,30.4252
0.037283,15,30.497768
-0.754655,9,30.54028
-0.01,1,30.548473
-0.128811,3,30.561903
-0.412405,8,30.600568
0.115019,4,30.622212
0.058063,3,30.639855
-0.296703,9,30.683326
0.128316,4,30.703977
-0.760042,12,30.761135
-0.390572,12,30.821012
-0.65208,19,30.909963
-0.01,1,30.915459
-0.01,1,30.930385
-0.224027,8,30.97053
-0.563883,14,31.036255
0.05375,3,31.051942
0.086921,3,31.06729
-0.912908,27,31.193716
0.333929,10,31.24457
-0.505841,6,31.274438
-0.54518,14,31.346527
-0.282915,16,31.425504
-0.791311,25,31.543998
0.07685,4,31.56419
-0.181781,2,31.574457
-0.422089,3,31.589669
-0.20167,7,31.623275
-0.669361,9,31.665106
-0.380927,16,31.742826
-0.319809,12,31.802282
0.228726,24,31.918498
-0.346399,10,31.969193
-0.764803,8,32.006176
-0.01,1,32.013
0.095039,17,32.096085
0.025627,4,32.115587
-0.31546,6,32.145803
-0.791733,7,32.180402
-0.01,1,32.18582
-0.46364,8,32.223483
-0.754579,14,32.28845
0.030627,9,32.334073
-0.241996,9,32.377501
-0.447462,10,32.42472
-0.418962,8,32.46427
-0.01,1,32.472549
-0.981835,13,32.532903
-0.430587,17,32.614475
-0.125022,11,32.669065
0.007743,2,32.680532
-0.370862,7,32.713662
0.013223,3,32.729441
0.142288,4,32.749847
0.085636,12,32.810709
-0.000526,2,32.820702
0.099881,8,32.860345
-0.354877,4,32.880565
-0.299295,6,32.912395
-0.227759,11,32.967296
0.017903,3,32.982579
-0.469009,5,33.007515
-0.495725,4,33.028417
-0.293603,5,33.05223
0.098288,2,33.062329
-0.88415,29,33.203292
0.213342,8,33.244053
0.01503,3,33.259282
-0.002944,9,33.307012
0.006896,2,33.317704
-0.588198,7,33.353497
-0.325897,6,33.383731
-0.01,1,33.390558
0.152596,13,33.454168
0.098201,4,33.475635
0.025381,4,33.496858
0.032199,4,33.51727
-0.01,1,33.522672
-0.296274,30,33.67139
-0.813234,10,33.718872
-0.684214,13,33.780128
0.020058,3,33.796463
0.000216,4,33.817726
0.022433,12,33.876689
-0.599031,2,33.887902
-0.01,1,33.894689
0.082886,3,33.912688
-0.478076,8,33.952195
0.139732,3,33.967048
0.290112,20,34.06652
-0.360934,7,34.103264
-0.829449,11,34.153522
-0.546936,10,34.201143
-0.53415,28,34.335128
0.04656,2,34.348214
-0.018452,31,34.507242
-0.01,1,34.512889
-0.823168,31,34.665178
0.043538,4,34.68758
-0.230883,10,34.735791
-0.554306,5,34.759408
-0.47633,11,34.814001
-0.455621,7,34.850921
-0.01,1,34.856519
-0.034652,7,34.891846
-0.159062,4,34.912587
0.079792,3,34.932333
0.332976,11,34.991366
0.049938,3,35.008481
-0.01,1,35.014377
-0.01,1,35.024008
-0.004377,3,35.0395
0.235605,13,35.104337
-0.478476,5,35.129723
0.033155,4,35.15221
0.013323,2,35.162421
-0.01,1,35.169146
-0.726009,13,35.230582
-0.331327,23,35.347339
-0.359525,5,35.371918
-0.310765,15,35.44558
-0.485507,11,35.497344
0.015167,3,35.514338
0.107568,2,35.525654
0.040665,3,35.541232
-0.602784,14,35.608049
-0.117986,8,35.64892
-0.365729,3,35.663791
0.06109,2,35.673902
0.221537,4,35.69425
-0.01,1,35.701278
-0.608781,34,35.877635
-0.264364,6,35.907666
0.287684,6,35.940587
-0.367841,7,35.976314
-0.539797,3,35.988946
0.110788,7,36.023555
0.060183,5,36.049292
-0.675876,8,36.087686
0.093166,4,36.108112
0.023562,3,36.123855
0.039432,2,36.13511
-0.384438,8,36.176248
0.083123,4,36.196951
0.050416,3,36.211098
-0.182824,6,36.240912
-0.460531,9,36.286274
-0.014185,4,36.306571
-0.534196,10,36.355717
-0.516568,5,36.379785
0.027971,4,36.401227
0.131539,4,36.421545
-0.683891,7,36.454791
-0.259694,11,36.507113
-0.270804,7,36.542899
0.179522,6,36.574939
-0.01,1,36.580279
0.00744,4,36.600246
-0.642199,7,36.635161
-0.731189,11,36.688355
-0.251664,10,36.736411
-0.238038,5,36.761774
-0.311951,12,36.821425
-0.17035,17,36.905234
-0.01,1,36.912121
0.109013,9,36.956258
0.087945,4,36.980009
-0.491279,28,37.114048
0.255088,21,37.216502
-0.012422,5,37.241517
0.097972,4,37.262838
-0.41973,10,37.314119
0.062441,14,37.387631
0.210271,10,37.4385
-0.286561,2,37.449047
-0.506493,9,37.49527
-0.022,3,37.509659
-0.664208,20,37.60588
-0.231303,20,37.706614
-0.241407,7,37.74168
-0.32866,10,37.792549
-0.01,1,37.79785
-0.497029,14,37.864477
0.014452,2,37.875571
-0.184008,6,37.905512
-0.109868,12,37.96575
-0.01,1,37.974207
0.10304,7,38.01043
0.167217,4,38.030942
-0.368525,3,38.04552
-0.030941,6,38.077442
-0.312071,4,38.09812
-0.314494,4,38.117386
0.004037,2,38.127327
0.314061,10,38.178703
-0.49763,28,38.312965
-0.222346,3,38.32695
-0.782469,4,38.345483
-0.195856,6,38.376949
0.060022,3,38.39264
0.301684,12,38.454002
-0.01,1,38.459438
-0.480519,9,38.507056
0.082164,5,38.533069
-0.0028,17,38.618968
0.232308,17,38.70172
-0.01,1,38.708596
-0.21162,16,38.787567
0.201899,7,38.823623
0.019987,2,38.83388
-0.43654,10,38.884208
-0.120111,16,38.966901
-0.01,1,38.972293
0.007907,2,38.983423
0.10348,5,39.0094
-0.438557,9,39.05494
-0.407981,5,39.078529
0.064597,4,39.098891
-0.136289,11,39.155276
0.069238,2,39.166527
0.046337,3,39.181138
0.037213,3,39.19654
0.048451,4,39.217924
0.001686,6,39.248542
-0.01,1,39.253971
-0.38796,5,39.277403
0.08262,3,39.294849
-0.008023,3,39.310528
-0.293273,5,39.336751
0.045843,4,39.357675
0.00482,2,39.370096
-0.214329,12,39.435285
0.219923,5,39.462071
0.092677,3,39.476882
-0.01,1,39.485873
-0.298833,3,39.500288
-0.666791,14,39.568969
-0.471755,4,39.587768
-0.01,1,39.594481
0.040845,3,39.610419
0.107041,2,39.620401
0.121526,4,39.641767
-0.01,1,39.649748
0.091229,3,39.664531
-0.016,2,39.676001
-0.523824,11,39.729766
-0.043744,15,39.804892
-0.01,1,39.811572
-0.058277,7,39.847099
-0.01,1,39.853855
-0.358186,16,39.932755
-0.01,1,39.938449
0.018149,2,39.950084
-0.620897,3,39.965506
-0.481791,3,39.982048
-0.371245,2,39.991019
0.005658,2,40.002502
0.121755,5,40.027696
0.023856,3,40.044939
0.186865,18,40.13491
0.060134,4,40.157209
-0.880076,20,40.250252
-0.01,1,40.259383
0.143769,6,40.288507
0.07808,4,40.308534
-0.385852,2,40.318712
0.063533,4,40.340314
-0.665966,9,40.384442
0.044141,9,40.427645
-0.315467,4,40.447044
-0.159636,12,40.507184
0.094642,8,40.547613
-0.016,2,40.559195
-0.31375,9,40.602447
0.083259,5,40.628302
0.220664,11,40.684117
-0.01,1,40.68948
-0.000561,6,40.720075
0.188543,7,40.755408
-0.01,1,40.762169
-0.01,1,40.768498
-0.209557,33,40.92695
-0.01,1,40.934109
-0.420465,26,41.062271
-0.37841,14,41.128861
-0.108156,7,41.163
-0.01,1,41.169891
-0.506712,6,41.200004
-0.01,1,41.205364
-0.000278,3,41.221113
-0.01,1,41.227992
-0.01,1,41.233477
0.059968,5,41.259746
-0.01,1,41.2651
-0.472154,5,41.291366
0.202531,5,41.3157
-0.453523,7,41.350239
-0.468659,6,41.382177
-0.599346,16,41.464999
0.156068,6,41.495487
-0.401984,3,41.51063
0.013674,5,41.535329
0.043191,2,41.548157
0.086404,2,41.558373
-0.01,1,41.564076
-0.01,1,41.57082
-0.01,1,41.577818
-0.300666,5,41.603545
0.005338,2,41.614756
-0.016,2,41.624535
-0.01,1,41.631446
0.036601,3,41.647774
0.228396,17,41.732446
-0.464772,20,41.829025
-0.01,1,41.83727
0.054739,2,41.847388
-0.795744,10,41.895458
0.096802,5,41.920979
-0.07871,6,41.951576
0.045318,2,41.963031
0.150866,9,42.007712
-0.01,1,42.013079
-0.424362,19,42.105707
-0.01,1,42.111256
-0.378231,5,42.136744
-0.01,1,42.142123
0.036431,2,42.153584
0.110338,4,42.173611
-0.305838,7,42.208626
-0.668003,9,42.248869
-0.645525,11,42.302129
-0.317427,7,42.336762
-0.01,1,42.342186
0.093042,4,42.361765
-0.53286,15,42.434
-0.169483,8,42.47205
0.004502,2,42.48219
-0.01,1,42.488731
-0.391462,11,42.542943
-0.071983,17,42.626489
0.013139,4,42.646837
-0.536556,2,42.655969
-0.01,1,42.662822
-0.190702,15,42.735276
-0.491638,7,42.769285
-0.123484,9,42.812417
0.068661,22,42.925231
0.108397,6,42.954887
-0.196388,3,42.969512
-0.616743,3,42.983402
0.06231,2,42.994826
0.194687,9,43.039507
-0.415103,10,43.086902
0.047794,4,43.107941
-0.787466,25,43.22834
-0.322356,4,43.247758
-0.141655,6,43.276748
-0.837293,10,43.322761
0.011689,2,43.336556
-0.01,1,43.341954
-0.052464,9,43.387405
-0.307755,11,43.442156
-0.452246,27,43.573254
-0.289988,10,43.621262
0.237628,8,43.662831
0.297672,9,43.705886
0.159537,4,43.7278
0.005709,2,43.739122
-0.247622,10,43.786977
0.070221,5,43.812827
0.198932,8,43.855065
-0.825666,14,43.922992
-0.199495,14,43.993475
-0.01,1,43.999035
-0.204171,9,44.043455
0.106672,7,44.079005
-0.01,1,44.084357
-0.01,1,44.090438
-0.211377,5,44.116989
-0.523513,3,44.130718
0.035766,3,44.14644
-0.20826,13,44.208741
-0.177683,7,44.244514
0.084832,5,44.271096
-0.01,1,44.277673
0.066968,3,44.292377
-0.416881,10,44.343004
-0.403593,7,44.378705
-0.01,1,44.384222
-0.01,1,44.389545
0.080228,19,44.490283
0.24155,10,44.539158
0.021474,3,44.555133
-1.034479,38,44.73642
-0.286133,9,44.781526
-0.275759,12,44.838934
0.133806,25,44.9688
-0.470468,8,45.01127
-0.512715,35,45.186989
-0.240801,7,45.221473
-0.222967,28,45.355789
-0.8477,16,45.432716
-0.01,1,45.439763
-0.614796,21,45.542226
-0.475857,15,45.615707
-0.454319,2,45.624698
-0.655508,10,45.673967
-0.44979,4,45.694589
-0.01,1,45.700081
0.031962,2,45.711056
-0.01,1,45.71795
-0.040868,15,45.795742
-0.448991,17,45.884511
-0.370105,14,45.955988
-0.01,1,45.965273
-0.211327,18,46.056177
0.117802,8,46.095532
-0.322054,31,46.247872
-0.457439,12,46.307693
-0.664676,14,46.373563
-0.190602,9,46.418647
-0.11675,8,46.457413
-0.220469,11,46.510139
-0.245574,9,46.555815
0.111854,4,46.576354
-0.01,1,46.58168
-0.896824,21,46.68376
-0.381142,15,46.756881
-0.274985,11,46.809974
0.034088,2,46.820883
-0.661327,28,46.959491
0.133839,4,46.980386
-0.683362,10,47.029477
-0.019,3,47.044013
0.052849,7,47.080612
0.29082,15,47.157599
-0.272635,18,47.245929
-0.37328,23,47.358612
-0.717012,19,47.457185
-0.01,1,47.462497
0.072719,5,47.487887
0.007854,23,47.602357
-0.218026,7,47.638397
-0.188154,15,47.713054
0.060788,2,47.723186
-0.385207,4,47.742758
-0.000606,2,47.756751
-0.768943,48,47.992885
0.03144,4,48.013384
-0.457116,11,48.064977
-0.357661,28,48.202317
-0.09355,5,48.227292
-0.417102,13,48.292003
-0.900119,22,48.395949
0.039994,2,48.408867
0.049309,5,48.434706
-0.01,1,48.440271
-0.187185,10,48.490824
0.036799,2,48.502295
0.127028,3,48.518178
-0.32154,14,48.586851
0.113003,6,48.617239
0.091582,15,48.692519
-0.005456,3,48.708404
-0.01,1,48.713917
-0.266807,9,48.759199
-0.276984,8,48.801263
-0.01,1,48.806941
0.047114,2,48.818567
-0.58913,24,48.940078
-0.771629,32,49.093427
-0.250102,11,49.147865
-0.416779,26,49.276657
-0.402553,19,49.368902
-0.320063,22,49.485112
0.042985,2,49.49733
-0.476722,12,49.559201
0.000848,2,49.569766
0.057976,4,49.592616
-0.664546,18,49.680026
0.379772,9,49.725142
0.232709,26,49.85425
-0.150521,9,49.900347
-0.01,1,49.906014
-0.242265,12,49.96665
-0.307832,9,50.010128
-0.532948,56,50.285675
-0.358777,5,50.311014
-0.229039,12,50.371549
-0.635633,25,50.492452
-0.332802,3,50.509197
-0.366198,8,50.549528
0.332932,11,50.602812
-0.01,1,50.609507
-0.305099,4,50.63037
-0.01,1,50.635772
-0.00012,2,50.647378
0.246947,16,50.727271
0.295208,6,50.761069
-0.01,1,50.76637
0.118252,4,50.786746
0.136624,5,50.811875
0.006479,3,50.82925
0.091482,3,50.845326
-0.01,1,50.850729
-0.482367,21,50.950918
-0.225817,7,50.989636
-0.055021,9,51.032381
0.131984,5,51.058358
-0.326064,16,51.135724
0.129035,5,51.163118
0.215378,13,51.226056
0.050609,34,51.391503
-0.044143,15,51.467152
-0.184961,20,51.568759
0.101904,3,51.58565
-0.375243,11,51.636911
-0.87835,36,51.812502
0.29637,7,51.848789
0.040224,2,51.858811
-0.367181,5,51.883315
-0.499219,6,51.913259
-0.173977,13,51.977562
0.092695,3,51.994559
0.346111,6,52.023926
-0.255098,4,52.042856
0.309358,4,52.064671
-0.340291,5,52.091335
-0.32042,8,52.129767
-0.01,1,52.13531
-0.233033,8,52.178232
-0.002363,3,52.195991
-0.798453,29,52.340311
-0.46625,4,52.360736
-0.664672,16,52.440041
-0.633064,25,52.559268
-0.493813,4,52.578744
0.020813,2,52.59101
0.035801,3,52.607223
-0.225368,16,52.68504
0.071296,9,52.73129
-0.656706,17,52.812515
0.040937,2,52.823731
-0.371479,14,52.891082
-0.541286,28,53.028461
-0.321479,4,53.047474
-0.180887,16,53.127478
-0.01,1,53.133092
0.031585,3,53.149229
-0.118927,15,53.222989
0.338887,7,53.258213
0.178143,12,53.317242
0.15637,6,53.349015
-0.44666,4,53.368352
-0.272216,7,53.404968
-0.201293,11,53.461883
-0.185305,12,53.524299
-0.58437,12,53.581687
-0.230854,11,53.637167
0.026327,2,53.64846
0.018825,2,53.663139
-0.370976,4,53.706642
-0.384136,6,53.749053
-0.01,1,53.754566
0.107347,5,53.778835
0.014312,2,53.790216
-0.616718,12,53.850045
0.173001,7,53.884166
0.045935,2,53.895942
0.038369,4,53.916414
0.069919,4,53.939857
-0.422833,5,53.964082
-0.357677,7,53.998412
0.218696,8,54.039307
-0.297526,6,54.069172
0.067663,4,54.089518
-0.0762,15,54.164194
0.012363,3,54.179618
0.115228,8,54.220938
0.408694,4,54.242333
0.198716,6,54.272588
0.174071,4,54.294169
-0.51058,13,54.359589
-0.133463,8,54.400231
0.310654,6,54.430456
0.153257,6,54.463397
0.076331,13,54.530021
0.021101,2,54.541723
-0.161553,25,54.667711
-0.01,1,54.673205
0.183666,9,54.719697
0.019591,7,54.756874
-0.343623,9,54.80038
-0.01,1,54.805779
-0.251312,4,54.826486
-0.42753,17,54.912461
-0.615667,17,55.007169
-0.709068,38,55.199372
-0.027676,19,55.295846
-0.01,1,55.301501
-0.164327,16,55.381856
-0.314703,14,55.452666
-0.074542,30,55.609762
-0.403922,9,55.65554
0.026732,3,55.671446
-0.424079,12,55.728204
-0.315131,5,55.75458
-0.403617,17,55.84778
0.131205,6,55.881018
-0.01,1,55.88824
-0.436486,17,55.973684
-0.225213,20,56.073858
-0.01,1,56.079534
0.063605,2,56.092366
-0.277725,16,56.17129
-0.01,1,56.176744
-0.416399,7,56.212025
0.269263,13,56.275438
-0.209338,10,56.324559
0.008478,4,56.345193
0.054542,2,56.356488
0.067253,4,56.376962
0.126839,6,56.409647
0.000332,12,56.467578
-0.01,1,56.474187
0.286891,11,56.527717
-0.064337,51,56.783038
-0.377011,4,56.804581
-1.238627,67,57.127562
0.128083,3,57.143409
-0.357127,36,57.323014
0.046304,8,57.363036
0.035767,3,57.377841
0.207503,6,57.409261
-0.01,1,57.417089
0.14527,8,57.456931
-0.171037,5,57.48154
0.177806,9,57.530308
0.169639,10,57.582094
0.059123,3,57.598752
0.235639,11,57.654056
0.078914,2,57.663975
0.108918,4,57.685819
0.178573,9,57.731133
-0.274839,24,57.852968
0.069828,2,57.86465
-0.215938,8,57.904969
-0.016,2,57.915037
-0.392091,38,58.102461
0.022381,5,58.127681
0.065866,4,58.150906
-0.372822,32,58.30495
-0.898595,15,58.376877
0.060452,10,58.425885
-0.673869,18,58.513306
-0.349275,7,58.547944
0.00777,2,58.558986
-0.01,1,58.564374
-0.46269,7,58.599887
-0.63825,26,58.723579
-0.01,1,58.728982
-0.064876,10,58.777801
-0.356063,3,58.794502
0.111631,5,58.82013
-0.449031,4,58.838512
0.105194,3,58.854242
0.099912,5,58.882246
-0.305846,12,58.942831
0.080168,4,58.964517
0.337918,20,59.064643
0.314337,9,59.112787
0.014659,4,59.132677
0.020551,5,59.158377
-0.01,1,59.163945
0.036212,5,59.19189
0.215487,2,59.203269
-0.276538,16,59.28207
0.074502,4,59.302406
0.092088,5,59.328258
-0.444128,16,59.406768
-0.36883,14,59.47711
0.199838,9,59.525201
0.043968,4,59.548502
-0.629062,31,59.699886
-0.377949,22,59.805936
-0.428269,2,59.816108
-0.256098,25,59.941157
0.22565,5,59.966327
-0.01,1,59.971775
0.130353,5,59.999526
-0.251833,5,60.03772
-0.326413,4,60.067849
-0.593028,48,60.299577
-6e-05,16,60.377129
-0.506879,10,60.427908
-0.142426,4,60.447455
-0.604999,23,60.55674
-0.200334,8,60.595543
0.088985,4,60.618814
0.200673,9,60.664842
-0.588143,6,60.694004
-0.638951,16,60.768858
-0.01,1,60.775669
0.049695,3,60.791292
-0.01,1,60.796611
-0.01,1,60.801964
-0.062055,18,60.895638
-0.266566,35,61.074893
-0.107992,11,61.129644
0.038377,3,61.146317
0.08458,4,61.170047
-0.256565,12,61.231209
0.065114,3,61.247135
-0.304032,30,61.391936
-0.113677,13,61.458649
-0.460038,18,61.547904
0.049638,7,61.584057
-0.280477,18,61.671427
0.053177,2,61.685019
-0.553274,17,61.769643
-0.376147,10,61.819099
-0.073609,8,61.859212
-0.342157,6,61.890347
0.071147,3,61.906367
-0.219797,4,61.925721
-0.638871,8,61.964431
-0.01,1,61.971478
0.032095,2,61.983389
0.191029,3,61.998199
-0.352047,39,62.188302
-0.337008,6,62.219907
0.26895,12,62.280373
-1.148941,61,62.572946
0.148458,13,62.635919
0.124393,12,62.697728
-0.423567,7,62.731987
0.004625,3,62.747076
-0.01,1,62.752577
-0.157536,12,62.813232
0.041288,6,62.842321
-0.389847,9,62.887942
-0.191769,12,62.945492
-0.364659,11,62.998872
-0.455322,6,63.028948
0.177874,11,63.084263
0.196437,13,63.14756
0.002487,14,63.21916
0.117587,6,63.249439
-0.402801,15,63.323345
-0.29355,26,63.446599
0.27956,11,63.503127
0.200579,23,63.621604
-0.419437,12,63.677449
0.177105,6,63.707904
0.066237,9,63.753402
0.106037,16,63.832169
0.113232,5,63.858158
-0.01,1,63.863802
0.030734,3,63.881563
-0.831138,14,63.949265
0.03399,15,64.02731
-0.101315,19,64.118727
0.213666,8,64.160482
-0.284371,27,64.292824
-0.298035,32,64.453286
0.010762,2,64.465116
-0.59865,40,64.664367
0.003761,13,64.730086
-0.158928,29,64.870114
-0.523826,4,64.889704
0.157905,6,64.92376
-0.894599,13,64.99156
-0.513553,5,65.017485
0.009088,2,65.029446
0.069445,3,65.047265
-0.299189,6,65.076452
-0.834284,80,65.46546
0.03227,3,65.481476
-0.584024,32,65.642662
-0.01,1,65.648038
0.17811,6,65.679
-0.332603,10,65.726783
-0.242024,13,65.79265
0.052259,18,65.893291
0.219779,23,66.009726
-0.01,1,66.015173
-0.169455,15,66.090271
0.060468,5,66.115095
-0.883487,20,66.211012
-0.001334,2,66.220696
-0.426716,32,66.380042
-0.475044,39,66.571169
-0.000985,4,66.591695
-0.515718,57,66.878167
0.045446,2,66.891163
-0.01,1,66.896754
-0.120407,11,66.952412
-0.01,1,66.957844
-0.22014,8,67.001069
-0.01,1,67.006638
-0.01,1,67.013279
-0.166462,14,67.08221
0.00182,18,67.176445
0.24552,25,67.299601
0.177621,8,67.339258
0.223281,10,67.390045
-0.168453,13,67.456243
-0.516713,25,67.583657
-0.385408,12,67.648303
0.060359,3,67.664191
-0.277108,10,67.71577
0.064449,18,67.807635
-0.464477,5,67.830994
-0.61719,8,67.868396
-0.315468,13,67.932901
-0.150643,16,68.012565
-0.127462,33,68.172163
-0.00701,15,68.245832
-0.008392,3,68.263201
-0.55225,30,68.409434
0.113784,13,68.475113
-0.195319,17,68.560947
-0.122279,6,68.590984
-1.074664,58,68.874345
0.031947,2,68.884557
-0.195987,3,68.900072
-0.365327,14,68.972979
-0.140272,18,69.063343
-1.014287,50,69.306959
-0.248099,28,69.448127
-0.01,1,69.455457
0.249981,9,69.501779
-0.378938,35,69.685264
-0.318853,5,69.70903
0.000471,2,69.721873
-0.01,1,69.727259
-0.05428,19,69.821639
0.148999,2,69.831748
-0.01,1,69.839801
0.153584,5,69.865549
-0.643655,15,69.937418
-0.540471,35,70.110047
0.007043,4,70.131988
-0.398407,27,70.268469
-0.001996,2,70.278682
-0.079905,13,70.342689
-0.08812,27,70.476453
-0.01,1,70.483263
0.232095,12,70.543593
-0.573784,26,70.67121
-0.336181,8,70.712091
-0.416906,14,70.783563
0.256714,12,70.843375
-0.01,1,70.848816
-0.01,1,70.855719
0.190788,6,70.887614
0.008678,3,70.902472
-0.946622,18,70.990775
-0.382432,21,71.09586
0.03758,35,71.268784
-0.099335,45,71.491397
-0.888749,59,71.783605
-0.719917,12,71.844558
0.152491,17,71.92929
-0.01,1,71.934665
-0.157844,49,72.176219
-0.01,1,72.18319
-0.159909,17,72.266086
0.140083,7,72.300882
0.004364,11,72.355932
0.15406,25,72.48142
-0.004612,19,72.576433
0.05948,7,72.610547
-0.378884,8,72.650397
-0.240719,25,72.773963
0.010867,7,72.807786
0.280932,14,72.878591
0.029497,23,72.991925
0.133537,31,73.146638
0.173312,18,73.239599
-0.242867,36,73.414862
-0.36373,10,73.463949
0.221552,9,73.511591
0.035837,2,73.52147
-0.201422,36,73.700618
-1.194359,30,73.846221
0.350819,18,73.937453
0.137081,17,74.02239
0.291942,15,74.099328
-0.001627,2,74.110534
-0.359329,7,74.145212
0.218496,9,74.193573
0.052311,7,74.227633
-0.811814,61,74.536144
0.015816,14,74.623708
0.210267,7,74.662158
-0.31209,12,74.722526
-0.0142,44,74.941828
-0.513793,2,74.95337
-0.487117,29,75.112257
0.077824,10,75.161213
-0.48833,31,75.31344
-0.100565,27,75.447541
-0.469142,40,75.647725
0.106615,5,75.674748
-1.180223,91,76.137101
-0.065281,26,76.265932
0.175498,5,76.290984
0.315212,7,76.327883
0.167698,24,76.447887
-0.548361,16,76.527669
0.025649,6,76.558149
-0.153884,9,76.60148
-0.239174,9,76.647463
-0.01,1,76.654449
-0.010409,56,76.931261
0.141989,6,76.961319
0.046499,6,76.990847
0.081171,16,77.072733
0.119974,8,77.112563
0.224238,12,77.172946
-0.1397,9,77.218007
-0.061403,7,77.25471
0.00825,6,77.285543
-0.256213,27,77.417581
-0.056043,19,77.508339
-0.669974,26,77.639023
-0.338386,100,78.136301
-0.018267,48,78.372288
-0.961968,45,78.59372
-0.572842,4,78.613827
-0.005089,3,78.629878
-0.377748,63,78.940232
-0.502834,46,79.164664
-0.523276,5,79.191311
-0.103025,23,79.304484
0.270381,21,79.409888
0.275248,12,79.470354
-0.301664,31,79.629117
0.364595,18,79.723559
-0.052732,24,79.843348
-0.007712,24,79.961416
0.079649,29,80.110399
-0.63565,96,80.591434
-0.502206,24,80.708708
0.168157,19,80.803001
-0.725238,22,80.911904
-0.638235,100,81.407512
-0.357354,20,81.506101
0.080418,41,81.711401
0.191571,13,81.782256
0.017968,3,81.796974
0.193571,24,81.914131
0.117609,4,81.934685
-0.011023,17,82.020517
0.18129,6,82.049663
-0.285565,28,82.190122
-0.017108,5,82.215145
-0.331423,41,82.421405
-0.104051,46,82.64709
-0.169421,39,82.839472
0.059748,4,82.859414
-0.0682,29,83.005651
-0.211519,20,83.128554
0.218298,38,83.317582
-0.333951,37,83.497361
0.046222,79,83.892828
-0.197878,11,83.949012
-0.021083,55,84.222735
-0.131996,35,84.398598
0.150502,4,84.423374
-0.733849,100,84.921036
-0.187884,55,85.209957
0.02213,2,85.220028
0.010068,3,85.23882
-0.125728,26,85.36724
-0.01,1,85.374069
0.290855,23,85.49209
-0.756568,6,85.524473
-0.171799,23,85.643826
0.042928,5,85.669757
0.490227,5,85.6958
0.344315,24,85.824228
-0.979948,41,86.042557
-0.455385,31,86.194047
-0.241395,26,86.32122
-0.245856,27,86.457882
0.342263,15,86.534652
0.277207,11,86.591894
0.055005,34,86.758833
-0.341977,31,86.913327
-0.652601,100,87.406905
0.100661,11,87.461644
0.076283,2,87.471675
-0.429738,32,87.632887
0.071815,37,87.821675
-0.119707,13,87.883425
-0.493706,94,88.35136
0.067677,40,88.555759
-0.328888,4,88.575824
0.142663,4,88.596763
-0.813086,69,88.939221
-0.302408,68,89.281346
-0.150317,34,89.451643
-0.707488,46,89.684659
0.388076,20,89.790047
0.460328,16,89.874324
-0.487829,2,89.883667
-0.153337,33,90.051162
-0.356859,83,90.461382
-0.021388,61,90.765013
0.166022,9,90.810474
-0.632754,48,91.048966
0.011721,19,91.141212
-0.272946,73,91.506974
0.298895,15,91.581533
-0.477171,53,91.849507
-0.283567,90,92.294408
-0.110961,62,92.608356
0.150976,14,92.678041
0.095461,2,92.689628
0.239014,29,92.832502
0.146558,10,92.884452
0.236205,9,92.932507
0.025399,78,93.324021
-0.837288,50,93.56601
-0.379059,100,94.074722
0.035764,2,94.085238
-0.945959,67,94.420224
0.266595,16,94.50479
-0.037121,14,94.575602
0.120835,4,94.596476
0.524203,20,94.698405
0.22469,4,94.718685
-0.138647,73,95.094251
0.01394,32,95.257581
0.147414,22,95.370345
-0.220828,74,95.739531
-0.193249,85,96.182709
0.163792,22,96.296707
0.144776,15,96.374388
0.247337,33,96.544405
-0.441084,100,97.060051
-0.320781,63,97.380328
-0.140573,26,97.514259
-0.051645,63,97.831288
0.381715,11,97.889501
0.199077,21,97.995361
-0.091032,49,98.241888
0.37531,28,98.387129
0.293345,18,98.482685
-0.694592,100,98.991186
-0.021744,35,99.170944
-0.550034,100,99.680221
0.454175,19,99.777239
0.254541,25,99.90868
0.148668,5,99.934463
0.084028,6,99.966027
-0.34163,100,100.476595
0.058244,6,100.508682
0.112231,27,100.687203
-1.876129,100,101.179656
0.068074,4,101.201768
0.299418,13,101.267178
0.160123,39,101.462777
-0.086163,47,101.697556
0.039914,22,101.808047
-0.712082,100,102.30919
0.20409,32,102.467812
-0.60311,100,102.956454
0.154221,29,103.105903
0.250217,31,103.262953
-0.084122,59,103.553098
-0.247927,69,103.901406
-0.63852,100,104.402166
-0.350486,67,104.736126
-0.12602,70,105.094128
-0.257012,58,105.385355
0.043868,49,105.63396
-0.000541,70,105.996052
-0.536477,100,106.497161
-0.785947,100,106.994848
-0.155749,48,107.233126
-0.287319,60,107.527532
-0.536737,100,108.022536
0.258915,26,108.150383
-0.525272,80,108.542562
0.143113,41,108.744085
-0.505423,100,109.243083
-0.978932,100,109.759601
-0.702169,100,110.267731
-0.627631,100,110.768434
0.148257,55,111.04571
-0.537408,100,111.545135
-0.826219,100,112.043873
0.08532,19,112.141123
-0.055728,39,112.338856
-0.453002,100,112.835115
0.30513,17,112.921442
-0.003084,65,113.242539
-0.634994,100,113.735033
-0.457829,100,114.249117
-0.847779,100,114.768843
-0.501155,72,115.138826
0.301439,42,115.350714
-0.45367,100,115.858608
0.016318,50,116.121172
0.306995,15,116.198631
-0.073667,87,116.631787
-0.434536,100,117.133443
0.131888,59,117.426273
-0.985727,100,117.922255
-0.47823,100,118.427644
-0.080495,48,118.666172
-0.004926,51,118.92371
-0.045904,29,119.068031
-0.226617,70,119.415858
0.281913,32,119.578662
-0.230952,53,119.842298
-0.013664,20,119.940553
-0.282745,90,120.389387
-0.566549,100,120.887447
0.423096,15,120.966589
-0.334477,100,121.468035
0.198944,41,121.673279
-0.32996,100,122.179943
-0.373598,100,122.682596
-0.654752,100,123.183507
0.379616,15,123.257355
-0.417113,100,123.753848
-0.015349,16,123.835339
-0.278492,100,124.340907
0.34622,8,124.382365
-0.519196,100,124.893472
-0.475737,100,125.423414
-0.361681,100,125.935287
-0.372633,100,126.444243
-0.498474,100,126.94453
-0.57163,100,127.445323
0.143112,69,127.800337
0.27864,6,127.830534
-0.485157,20,127.929669
-0.722823,100,128.427943
-0.075182,88,128.868578
-0.114498,12,128.933716
0.137093,18,129.027425
-0.259611,86,129.463017
0.25174,40,129.666611
-0.373732,100,130.177876
-0.380793,100,130.683031
0.122493,6,130.717425
-0.607302,100,131.214495
-0.328917,48,131.451175
-0.194747,69,131.791013
0.081898,52,132.049547
-0.144303,45,132.276889
0.094898,22,132.387884
-0.431142,100,132.881688
-0.6051,100,133.380562
0.226844,27,133.516366
0.356249,20,133.615791
-0.542398,100,134.110663
-0.290649,98,134.604031
0.134049,26,134.734835
0.407856,40,134.936637
-0.019199,89,135.400773
0.18599,7,135.439412
0.059715,69,135.78781
0.004829,66,136.136379
-0.475594,85,136.564068
-0.122265,91,137.021967
-0.193431,91,137.470956
0.105188,44,137.694136
-0.309604,100,138.201732
0.241432,34,138.374349
-0.559906,100,138.874996
-0.565243,100,139.37813
0.396417,14,139.451116
-0.01,1,139.458015
-0.424631,64,139.779154
-0.706994,100,140.281139
-0.1279,36,140.46071
-0.019191,24,140.586077
-0.007843,42,140.797485
-0.481831,100,141.307615
-0.049784,52,141.569541
-0.19002,40,141.777029
-0.182452,87,142.213634
0.233299,20,142.313875
0.180577,6,142.346396
0.001769,33,142.513201
-0.079712,42,142.723347
-0.595657,100,143.223769
-0.069501,88,143.662739
-0.035665,44,143.89144
0.079489,9,143.937799
0.135851,3,143.955431
-0.455573,100,144.462762
0.061486,4,144.485977
-0.314615,84,144.904915
0.255076,27,145.051822
-0.017458,5,145.080428
0.452888,36,145.265019
0.056866,3,145.279672
0.101936,43,145.493873
-0.225747,56,145.770305
0.104872,5,145.798048
-0.00287,34,145.97633
0.072699,37,146.161937
-0.128761,38,146.356704
0.25412,45,146.584786
-0.451503,100,147.082466
-0.072038,23,147.195359
0.100097,68,147.539913
-0.390441,100,148.083552
-0.230606,30,148.236794
0.253559,28,148.378203
-0.279232,97,148.85628
-0.380625,100,149.362245
-0.343871,92,149.822814
0.079913,34,149.994123
0.067228,12,150.055001
0.414162,36,150.240521
-0.338004,55,150.511484
-1.004696,100,151.008216
-0.064303,66,151.343855
-0.39727,100,151.85777
-0.741191,100,152.361297
0.266702,46,152.59282
-0.650159,100,153.085388
0.048768,16,153.167789
0.309301,48,153.408514
-0.065692,48,153.645547
-0.411618,100,154.149028
0.02857,2,154.161241
-0.78045,100,154.668863
-0.069264,35,154.845559
-0.01,1,154.851195
-0.090366,49,155.10389
0.031235,55,155.37937
0.098118,54,155.649692
0.375111,37,155.840459
-0.520267,100,156.349024
0.247285,13,156.413002
-0.17839,82,156.827298
0.156253,25,156.95157
0.169132,53,157.222975
-0.339567,100,157.725055
0.049231,38,157.917424
-0.666873,100,158.414828
0.130757,10,158.465567
0.035426,2,158.477104
0.182407,5,158.505145
-0.582422,100,159.009732
-0.919404,100,159.530948
-0.408632,100,160.028116
-0.34118,100,160.535147
0.017641,70,160.886807
0.373266,26,161.018178
-0.018826,25,161.151184
0.017529,37,161.338748
0.139359,63,161.657095
0.198167,29,161.806466
0.210402,48,162.043957
0.253913,50,162.29347
0.425149,25,162.422214
-0.591246,74,162.787477
0.040729,65,163.114303
-0.732079,100,163.618803
-0.501487,100,164.121371
-0.361319,89,164.581827
-0.301967,85,165.015586
0.216712,15,165.09569
-1.237633,100,165.612678
0.066711,4,165.635223
0.168915,14,165.707227
0.156202,41,165.92209
0.32234,8,165.962898
-0.270746,59,166.261981
-0.532495,100,166.768103
-0.124852,51,167.020179
-0.01,1,167.02676
0.092502,4,167.048817
0.173363,43,167.261345
-0.461364,100,167.755874
-0.376627,100,168.255782
-0.520368,100,168.762758
-0.080173,76,169.150443
0.425503,26,169.284436
-0.568152,100,169.793145
-0.061251,59,170.094691
0.346754,32,170.257758
0.151954,40,170.461319
-0.551947,84,170.882748
0.070226,65,171.21637
0.16163,54,171.490366
-0.364619,69,171.83556
0.308905,34,172.008048
-0.126957,73,172.377265
-0.01,1,172.384457
0.176445,4,172.407574
-0.362518,100,172.924508
-0.072776,42,173.133169
-0.506368,100,173.622485
-0.396555,85,174.047181
-0.146847,89,174.508804
-0.506407,99,175.009082
0.495123,19,175.110389
-0.395747,100,175.608623
0.452311,28,175.751759
0.436745,29,175.912662
-0.414103,100,176.419831
0.066634,37,176.610356
-0.247662,23,176.726409
-0.501888,100,177.242584
-0.153387,100,177.740345
-0.001746,11,177.798378
-0.36339,100,178.305772
0.051001,52,178.573955
-0.154873,61,178.8805
-0.01,1,178.888073
-0.313788,49,179.136439
-0.393501,100,179.6441
0.210342,13,179.709994
0.215159,46,179.943538
0.204507,24,180.067883
0.111638,14,180.141647
-0.129002,60,180.438577
-0.130805,62,180.74771
-0.667061,100,181.254089
-0.534595,68,181.592082
-0.529506,100,182.092854
-0.10196,89,182.539005
-0.695451,24,182.65925
0.402558,24,182.780038
0.246103,27,182.92016
-0.465304,100,183.418145
-0.512241,100,183.917242
-0.763913,100,184.426282
0.169382,21,184.539281
0.030454,46,184.767368
0.270767,37,184.956618
-0.073147,26,185.095206
0.019164,51,185.351674
0.024593,56,185.632296
0.217677,7,185.668806
-0.504124,100,186.195036
-0.852591,100,186.702444
-0.375205,100,187.211972
-0.370325,98,187.692907
-0.503826,100,188.189613
0.066361,13,188.254692
-0.424869,100,188.768078
-0.577886,100,189.288176
0.080042,54,189.571312
-0.449763,100,190.078876
0.2575,45,190.308681
-0.35547,91,190.766012
0.165281,38,190.954931
0.243098,47,191.197482
-0.237451,55,191.47974
-0.676162,100,191.982084
0.027394,24,192.101075
0.00416,5,192.125992
-0.510401,81,192.527672
0.048583,55,192.807588
-0.037587,68,193.151672
0.291347,14,193.227304
-0.67006,100,193.726101
0.219082,41,193.93607
0.036978,56,194.216765
0.413148,22,194.326573
0.019711,53,194.658189
-0.01,1,194.663684
-0.000429,61,194.978714
0.256021,38,195.17944
0.052306,8,195.220515
-0.816813,100,195.718846
0.153757,29,195.871417
0.37032,36,196.052431
-0.760203,100,196.560213
0.06146,36,196.745691
0.208794,23,196.862355
-0.684941,100,197.386569
-0.231647,40,197.583281
0.231442,43,197.802052
0.083916,23,197.918684
-0.364084,26,198.048512
0.386349,21,198.153808
0.019531,5,198.180034
0.197917,7,198.216716
-0.888092,100,198.711818
-0.553633,100,199.214825
-0.639629,100,199.71933
0.0878,5,199.745788
-0.590686,75,200.122771
-0.473161,100,200.620348
0.220298,42,200.838529
-0.657334,100,201.333867
0.136005,42,201.545496
0.244444,20,201.644087
-0.355603,96,202.121313
-0.482335,100,202.620186
0.06066,27,202.754257
-0.458886,100,203.255816
-0.456936,100,203.756322
0.158526,53,204.027096
0.008152,16,204.108281
0.126064,16,204.191544
-0.589693,100,204.70626
-0.720853,83,205.130144
0.121532,54,205.402622
0.308742,5,205.428268
-0.366598,100,205.941004
-0.01,1,205.949071
-0.066757,40,206.150563
-0.416087,100,206.647757
0.18472,40,206.852583
0.070844,3,206.868635
0.003528,51,207.122823
-0.510495,100,207.625631
-0.885507,100,208.129155
-0.604528,100,208.630298
-0.616059,100,209.141552
-0.630178,100,209.645819
-0.361578,11,209.701166
-0.140749,96,210.179446
-0.790765,100,210.682303
0.178352,54,210.958681
0.053541,34,211.130713
-0.418999,100,211.635186
-0.18855,19,211.732201
-1.27537,100,212.231416
0.261409,17,212.316509
-0.292996,67,212.647532
-0.027185,48,212.891311
-0.819928,100,213.392796
-0.021986,44,213.609392
-0.568136,100,214.112424
0.211015,31,214.268353
0.088787,23,214.386883
0.111435,45,214.618528
0.011973,3,214.636126
0.404995,14,214.707815
-0.111823,33,214.87698
0.403882,26,215.021736
-0.408932,100,215.529577
-0.450322,100,216.051758
-0.436779,100,216.557953
-0.441929,100,217.065106
-0.426365,100,217.570097
-0.580815,86,218.006309
-0.416755,100,218.508228
0.042418,52,218.772624
0.119919,3,218.79127
-0.447568,100,219.299091
-0.406958,100,219.808141
-0.023393,56,220.089854
0.326441,11,220.147042
0.363425,28,220.292665
0.03809,3,220.30976
-0.317614,100,220.832167
-0.957001,100,221.332245
-0.442669,100,221.835217
-0.238432,94,222.303324
-0.107925,61,222.603211
0.261559,32,222.766186
-0.202574,17,222.852688
0.307673,4,222.875127
-0.884309,100,223.367361
0.485446,15,223.444338
0.274127,32,223.604828
0.13201,47,223.842308
0.144405,48,224.08412
0.100656,35,224.259849
-0.717862,100,224.773038
0.284285,16,224.854392
-0.935299,100,225.366963
-0.082428,14,225.442659
0.010086,50,225.692644
-0.059416,40,225.897726
-0.53132,100,226.408232
-0.031142,68,226.752768
0.256746,37,226.948913
-0.500483,100,227.445996
0.219455,47,227.680452
-0.01,1,227.688468
-0.409376,100,228.185297
0.308872,35,228.358981
-0.576396,100,228.852914
0.348738,30,229.010396
0.188561,4,229.030878
-0.45512,100,229.542347
0.17073,5,229.567899
0.079964,17,229.654105
-0.394764,100,230.156612
-0.090221,68,230.491114
0.103903,38,230.686012
-0.01,1,230.693109
0.173363,41,230.901136
0.149486,17,230.990596
0.182776,42,231.20195
-0.312365,99,231.698572
0.150054,43,231.917524
-0.016,2,231.927508
-0.519404,100,232.434751
0.352186,30,232.587116
-0.448374,100,233.094116
-0.574582,100,233.592335
-0.450338,100,234.089946
0.221565,25,234.218473
-0.11229,50,234.47513
-0.415987,59,234.771856
0.217718,6,234.803221
0.138501,44,235.03722
0.311043,35,235.215831
-0.224675,65,235.540675
0.512695,14,235.611166
0.224317,42,235.829822
0.199422,22,235.948965
-0.01,1,235.954327
-0.558912,100,236.455456
-0.67351,100,236.953507
0.209746,7,236.990921
0.218622,34,237.159351
0.213617,37,237.342417
-0.23287,69,237.686863
-0.523399,100,238.186401
-0.627393,100,238.685326
0.351348,20,238.784538
0.343666,27,238.922789
-0.383773,100,239.433437
-0.246015,62,239.742606
0.178248,46,239.970039
0.311198,17,240.054832
0.192562,57,240.342253
0.296592,32,240.503817
-0.051504,78,240.900384
-0.358806,100,241.41112
-0.061461,56,241.689958
-0.044902,61,241.991612
0.045428,64,242.310978
0.125429,9,242.357948
-0.564197,100,242.890235
0.27699,30,243.044316
-0.733003,100,243.542706
0.321617,25,243.669703
0.46557,13,243.735487
0.306713,33,243.907263
0.126583,8,243.949986
-0.558824,100,244.453022
0.332029,26,244.589026
-0.063442,58,244.877087
-0.082729,76,245.278644
-0.568256,100,245.773179
-0.231144,88,246.219233
-0.575677,91,246.673286
0.29405,15,246.755285
0.135411,6,246.788627
0.296275,27,246.927016
0.277072,29,247.078491
0.00464,65,247.410066
-0.436049,100,247.912661
-0.026228,46,248.14129
-0.637254,100,248.634297
0.067303,56,248.92
0.452465,14,248.993259
0.121692,14,249.064953
0.118982,48,249.313379
-0.490619,100,249.81397
0.079832,8,249.857205
0.299437,27,249.994756
-0.55098,100,250.504501
0.299106,18,250.599622
0.092464,45,250.832684
0.215413,8,250.873431
-0.423985,100,251.382081
-0.55497,100,251.885684
0.128079,7,251.925462
0.276378,31,252.080397
0.174943,18,252.172553
-0.489836,100,252.668436
0.30764,39,252.863308
-0.073758,63,253.19135
-0.385853,84,253.603444
-0.080957,69,253.953315
-1.080023,100,254.455153
0.053293,16,254.53567
0.179664,8,254.575861
-0.218561,50,254.825504
-0.475057,100,255.351022
-0.049805,68,255.693789
-0.028249,41,255.909029
-0.433267,100,256.412755
0.330145,19,256.511244
-0.691714,100,257.028596
0.17204,10,257.08125
-0.641426,100,257.582174
0.09867,46,257.816598
0.29717,24,257.935262
-0.793774,100,258.428869
0.232254,9,258.473639
-0.661925,100,258.966228
0.231073,31,259.121483
0.045535,26,259.256827
0.16223,27,259.394474
-0.304191,97,259.879186
0.11324,51,260.134433
0.009189,38,260.334791
0.053704,10,260.385489
0.097384,46,260.619231
-0.650329,100,261.127277
-0.18718,46,261.361491
-0.858684,93,261.826061
0.29794,14,261.898444
0.078536,36,262.07928
0.013806,43,262.295192
-0.035796,30,262.44627
0.350552,21,262.554235
-0.716742,100,263.05467
0.310955,25,263.182438
0.101262,35,263.356889
0.38377,28,263.500537
-0.320077,10,263.550534
-0.46591,15,263.623503
-0.023388,53,263.886737
-0.085395,44,264.114308
-0.162833,55,264.390292
0.157599,23,264.510143
0.391469,18,264.601638
-0.167232,42,264.812796
0.02189,45,265.052354
-0.618296,100,265.553258
0.315122,21,265.659015
-0.992246,100,266.186792
0.023949,30,266.342755
-0.703106,100,266.837471
-0.03833,46,267.065784
-0.58403,100,267.571634
-0.542459,100,268.076253
-0.490208,93,268.539623
-0.419941,100,269.052663
-0.01,1,269.061043
0.131364,24,269.184366
-0.23829,65,269.515013
-0.076443,40,269.718835
-0.271213,18,269.808989
0.390043,14,269.880701
0.397689,22,269.992726
-0.124184,69,270.33837
-0.62826,100,270.85137
0.087978,11,270.907569
-0.569206,100,271.41716
-0.363691,59,271.710879
0.05848,42,271.92938
0.157263,37,272.10993
-0.015734,52,272.373411
-0.426436,100,272.871331
0.035228,4,272.894228
0.077813,49,273.144957
-0.320402,39,273.344431
0.247571,22,273.455359
0.364186,25,273.582558
0.272587,27,273.716649
0.077389,38,273.91193
0.10701,4,273.933303
0.159054,10,273.98681
0.210837,7,274.022498
-0.359894,48,274.265253
-0.399855,100,274.782096
0.385134,17,274.870959
-0.225375,43,275.10107
0.166366,10,275.153312
-0.30355,37,275.346573
0.323651,24,275.46955
0.294488,30,275.625275
0.136307,4,275.646148
0.043276,13,275.714789
0.193106,13,275.781052
0.066461,15,275.862505
0.429638,21,275.971001
-0.01,1,275.976438
0.081653,26,276.119386
-0.097111,68,276.465324
-0.15073,75,276.843498
0.404452,19,276.939697
-0.244989,62,277.255819
-0.270322,90,277.709323
0.402122,22,277.820973
0.267248,20,277.9234
0.353471,16,278.009806
0.176816,19,278.1048
0.055682,40,278.307756
-0.344488,100,278.819611
0.112619,43,279.050822
-0.174984,76,279.443783
0.138944,44,279.667296
0.065498,33,279.832108
0.343695,26,279.973542
0.496997,17,280.060936
0.245619,19,280.157158
0.040371,39,280.35716
-0.486777,100,280.860299
0.062955,42,281.070703
-0.895656,100,281.579514
-0.389274,19,281.670846
-0.01,1,281.677535
-0.042426,29,281.821533
-0.207185,84,282.245566
0.242229,14,282.3183
-0.672802,100,282.815029
0.245751,11,282.870454
-0.442042,100,283.378681
-0.417152,99,283.867988
0.30472,29,284.017573
0.244447,29,284.159751
0.169093,13,284.224957
0.045098,9,284.26913
0.065734,39,284.477468
-0.193056,68,284.815506
0.164601,38,285.018888
-0.192253,9,285.064981
-0.806164,100,285.572667
0.143911,9,285.61669
-0.253077,49,285.865593
0.267947,33,286.037523
0.083793,41,286.246367
-0.372688,100,286.748092
0.171429,42,286.958421
0.488776,15,287.032556
-0.442671,95,287.507837
0.036755,9,287.552317
-0.108767,33,287.716822
-0.170266,73,288.117889
-0.2851,84,288.536038
-0.105101,63,288.846841
0.032166,49,289.099154
0.208002,37,289.283087
0.070694,14,289.35645
-0.353286,100,289.859719
0.287759,30,290.014515
0.32449,26,290.148065
0.046419,48,290.388073
0.332278,32,290.550058
0.303023,23,290.667606
-0.75765,100,291.169679
-0.220042,72,291.533311
-0.034049,67,291.867117
-0.002602,52,292.128839
0.237976,32,292.293399
-0.33291,84,292.714918
0.23411,32,292.874395
-0.007978,54,293.140604
0.013733,21,293.246904
0.443519,14,293.317575
0.22509,24,293.446426
-0.21074,21,293.552821
0.217711,11,293.609291
-0.393821,60,293.913359
-0.648067,100,294.423476
-0.08289,65,294.751464
0.079798,23,294.865096
-0.857125,100,295.376828
-0.389973,100,295.891031
-0.541663,100,296.398764
-0.598709,100,296.903367
-0.458088,100,297.400913
-0.425495,81,297.809911
0.328343,29,297.956494
-0.176704,85,298.383644
0.216949,40,298.582359
0.209296,31,298.737566
0.24629,31,298.892168
-0.18301,74,299.27156
0.259069,17,299.357311
0.24598,21,299.470768
0.239891,36,299.662436
0.041894,56,299.943388
-0.01,1,299.951719
0.400596,20,300.052568
-0.000574,60,300.35326
-0.001636,48,300.598364
0.215779,20,300.700532
-0.443237,50,300.954503
0.281883,32,301.116377
0.151828,14,301.196923
0.386838,12,301.258952
0.335047,27,301.393573
0.421156,14,301.467855
0.329976,29,301.617709
0.418179,28,301.768684
-0.234706,70,302.131468
0.394165,18,302.219867
-0.45147,49,302.457741
0.253707,28,302.599365
0.005127,45,302.821944
0.224234,33,302.989056
0.478564,8,303.030545
0.296887,17,303.116155
0.131017,42,303.32524
0.165934,39,303.524585
0.203517,9,303.572209
-0.209391,69,303.919868
0.24535,8,303.961962
-0.027409,57,304.249793
0.074567,10,304.301763
0.357054,20,304.409022
0.336106,22,304.52438
0.44015,18,304.61913
-0.521228,100,305.135817
0.503799,7,305.172237
0.273623,11,305.228675
-0.251284,87,305.667619
0.072491,46,305.907264
0.307027,25,306.038956
0.46724,14,306.110648
0.144199,39,306.304514
0.109041,44,306.529396
-0.036485,30,306.682214
-0.038552,46,306.927476
0.071453,47,307.162887
-0.051518,63,307.484254
0.508214,6,307.519428
0.233915,36,307.706029
0.098309,8,307.746269
0.173585,39,307.940623
0.082562,35,308.118672
0.33249,12,308.180953
0.388983,13,308.247286
0.150532,40,308.452023
-0.501497,100,308.96884
-1.296839,100,309.47549
-0.042017,51,309.742111
0.141378,18,309.846101
0.360515,20,309.954262
-0.031378,57,310.251333
-0.187751,64,310.576617
-0.014416,50,310.831179
-0.540508,100,311.349705
0.170742,23,311.468143
0.259485,7,311.504794
0.253222,31,311.667177
0.009174,2,311.679206
0.070746,3,311.695901
0.265583,29,311.843142
0.076013,6,311.87393
0.160291,12,311.935097
0.183209,38,312.128416
0.173347,37,312.31726
0.437896,9,312.363749
-0.362639,84,312.789059
0.116384,47,313.031446
-0.213763,63,313.34883
-0.102348,44,313.574749
0.326761,22,313.693954
0.016968,62,314.013778
0.333511,21,314.122865
0.015856,42,314.333485
-0.045908,63,314.660961
-0.762079,100,315.182407
-0.571267,100,315.684978
-0.268814,25,315.811468
0.206772,26,315.954448
0.279052,12,316.018395
-0.246936,84,316.45031
0.082005,47,316.693649
0.309576,21,316.80439
0.027688,57,317.095177
-0.470694,76,317.478779
0.447111,14,317.549287
0.022815,7,317.589223
-0.040427,50,317.850206
-0.188248,47,318.086809
0.052621,7,318.12442
0.209001,33,318.291479
-0.202728,48,318.535843
0.242383,27,318.67402
0.324542,33,318.838014
-0.226182,17,318.930072
0.326574,20,319.033182
0.274615,17,319.119066
0.299456,12,319.179351
-0.39459,100,319.697202
0.204958,45,319.930242
0.339174,27,320.069559
0.470081,14,320.14168
-0.154584,69,320.49421
0.408759,22,320.607215
-0.545016,100,321.11737
0.25212,28,321.260058
0.212368,30,321.416767
0.170394,30,321.564237
0.15851,40,321.777137
-0.37338,80,322.187799
0.237856,19,322.28571
0.099855,37,322.471674
-0.817936,100,322.97596
0.436832,9,323.021835
0.23423,28,323.163084
-0.707272,100,323.667565
0.030291,44,323.892444
0.210022,20,323.995673
0.098037,40,324.197052
0.376127,14,324.26833
-0.589634,100,324.776662
-0.416795,100,325.296667
0.224037,28,325.438294
-1.271664,100,325.950512
0.118732,47,326.196961
0.153459,4,326.217533
0.125093,56,326.503764
0.233885,28,326.645308
-0.339434,15,326.721409
0.106941,29,326.87484
-0.491478,40,327.073552
0.139689,28,327.214973
-0.110875,21,327.318849
-0.347633,77,327.710096
0.053323,41,327.914715
0.126127,11,327.970482
0.12291,11,328.027729
0.125717,41,328.234897
0.224033,10,328.286547
0.120176,38,328.479053
0.210505,40,328.684067
-0.96788,100,329.184756
-0.433653,79,329.589272
0.087245,38,329.782128
0.511826,3,329.798087
0.166551,21,329.902361
-1.171833,100,330.408866
-0.117397,80,330.816286
0.006586,42,331.031058
-0.021807,47,331.269024
-0.860889,100,331.780925
-0.013889,48,332.022171
0.41934,15,332.095909
0.365428,17,332.181393
0.007629,45,332.404738
-0.396717,25,332.527014
0.070475,34,332.695274
-0.830651,100,333.19119
-0.462477,100,333.688724
0.220405,26,333.822049
-0.161574,66,334.158701
-0.428362,19,334.251858
-0.590767,100,334.764273
0.496454,17,334.851996
-0.169121,51,335.137436
-0.354204,100,335.633701
-0.713687,100,336.157612
0.168336,35,336.34163
0.229584,34,336.520474
0.033414,3,336.535617
0.474119,16,336.618483
-0.947612,100,337.129502
0.307755,35,337.30885
0.279824,21,337.41352
-0.48253,100,337.924825
0.342134,16,338.007189
0.153499,5,338.03358
0.341301,19,338.129005
-0.383313,98,338.623861
-1.113862,100,339.121468
-0.591377,100,339.632673
-0.150237,75,340.012271
-0.538391,100,340.515101
0.144196,43,340.729402
0.175367,43,340.952271
0.060625,3,340.96859
-0.045099,61,341.285765
0.478595,14,341.359081
0.129578,18,341.452644
-0.035483,52,341.716771
0.254758,15,341.798781
-0.438912,64,342.125363
0.05302,11,342.182867
0.306476,19,342.278557
0.266613,43,342.499841
0.156916,37,342.68705
0.129471,38,342.877818
0.058437,6,342.907756
-0.450777,100,343.419051
0.061224,3,343.435236
0.351707,18,343.527437
0.079321,41,343.729669
-0.296899,22,343.842202
-0.047994,36,344.0236
0.289921,16,344.105007
0.24504,12,344.164881
0.125498,36,344.348778
0.12587,14,344.421693
0.046057,12,344.485456
0.396376,18,344.581308
0.478195,18,344.677368
-0.5675,61,344.990739
0.419943,10,345.04581
-0.245694,83,345.46475
0.29067,26,345.600334
0.126943,38,345.794825
0.260673,22,345.916475
0.081072,44,346.145487
0.334083,15,346.224815
-0.285159,69,346.576207
0.04103,5,346.602338
0.060752,42,346.820064
0.431428,19,346.918453
-0.080062,55,347.197079
0.061744,20,347.30162
-0.449657,100,347.806173
-0.033582,47,348.048755
-0.160669,43,348.265404
0.121461,22,348.376714
0.21048,27,348.516404
-0.347122,46,348.758362
-0.272139,52,349.038034
0.050918,40,349.241262
0.179742,36,349.426886
0.23455,33,349.603309
0.260763,21,349.712905
-0.631049,100,350.220818
0.266315,25,350.345409
0.281365,19,350.441756
0.154639,28,350.581594
-0.936995,100,351.077264
-0.717312,100,351.582575
0.04704,49,351.828126
-0.636926,76,352.211895
0.265753,29,352.358845
0.111017,29,352.507677
-0.03927,54,352.777783
0.291361,27,352.912431
0.318045,27,353.047073
0.001704,36,353.227829
0.177002,25,353.352819
0.054009,42,353.562466
0.217421,27,353.699462
-0.014417,30,353.849097
-0.667187,100,354.361782
0.188488,38,354.560491
0.40536,13,354.626895
0.1384,34,354.798693
-0.543929,100,355.32201
0.176249,34,355.494742
0.02843,26,355.629131
-0.023335,44,355.860615
-0.172115,56,356.148476
0.227573,21,356.254548
0.232966,34,356.427047
0.129303,31,356.586159
0.052901,36,356.767483
0.023926,3,356.783371
0.335268,25,356.910056
0.233243,27,357.049013
0.237923,24,357.170779
-0.21882,69,357.510479
0.446619,9,357.556399
0.067042,44,357.778735
-1.313022,100,358.287044
0.050778,34,358.458845
0.387333,11,358.515387
-0.011249,52,358.775826
0.014731,45,359.008149
0.319113,19,359.103927
0.129515,10,359.152776
0.198787,9,359.201083
0.365473,9,359.248585
0.065778,33,359.413404
-0.458325,100,359.924649
-0.128877,58,360.222664
0.31144,16,360.304379
0.107162,25,360.430145
0.208689,28,360.572729
0.27445,23,360.691462
-0.046387,33,360.861387
-0.144593,46,361.093393
0.156391,32,361.257182
0.284341,18,361.347509
-0.076921,45,361.573826
0.264747,16,361.654101
0.186209,35,361.827429
0.170039,4,361.847684
0.378929,15,361.924894
0.049023,33,362.095362
0.220913,27,362.231039
0.219234,23,362.344523
-0.113894,48,362.585951
0.246462,34,362.756103
0.104484,32,362.917589
0.390587,16,362.997905
-0.244946,6,363.028119
0.031329,22,363.139536
0.401601,17,363.224297
0.217083,17,363.309651
0.079855,35,363.485339
0.355532,13,363.549997
0.0859,6,363.580649
0.445283,8,363.621996
-0.275664,67,363.96066
0.1319,7,363.995252
0.119373,31,364.153027
0.360077,17,364.238686
0.360345,13,364.30625
-0.30976,68,364.654297
0.479352,13,364.719383
0.483142,8,364.759935
0.211797,9,364.806447
0.143171,21,364.912723
0.012404,36,365.103474
0.029234,31,365.257642
0.268955,21,365.364706
0.206029,20,365.46471
0.333918,17,365.551393
-0.589817,100,366.06918
-0.189632,43,366.287758
0.353311,15,366.363523
0.255083,22,366.473463
-0.040049,55,366.766642
0.310682,21,366.880711
0.496754,4,366.901857
0.094974,25,367.028037
0.208872,7,367.063278
-0.636537,100,367.573262
0.162532,10,367.623593
0.370343,23,367.743431
-0.006902,36,367.924308
0.377391,15,368.003016
0.190229,21,368.109644
-0.14645,80,368.513985
0.151434,33,368.679452
-0.332371,72,369.045815
0.166203,10,369.096265
0.070909,44,369.32531
-0.29275,53,369.59978
0.022777,32,369.766734
0.211751,11,369.82251
-0.46772,100,370.344484
0.340343,17,370.431415
0.184581,28,370.57878
-0.295482,67,370.921033
0.055181,45,371.150172
0.215602,25,371.280304
0.338957,16,371.363769
0.156031,21,371.473731
0.202534,17,371.560853
0.000825,32,371.724246
0.101205,36,371.916717
0.285227,11,371.970791
0.332907,26,372.109582
-0.31996,68,372.44971
-0.247576,61,372.756841
0.137583,34,372.930474
0.244109,21,373.035378
0.037013,11,373.091913
-0.025157,42,373.30562
0.194224,17,373.3906
0.38295,15,373.467377
-0.443162,33,373.6316
0.152481,6,373.664836
0.250289,23,373.780942
0.379281,20,373.884237
0.167254,11,373.942297
0.39004,13,374.011226
-0.819227,100,374.525917
-0.008299,48,374.766138
-0.01,1,374.771454
-0.10468,36,374.955173
0.061651,11,375.014791
0.122395,22,375.129672
0.069908,40,375.333906
0.400538,13,375.401133
-0.613789,100,375.921661
0.074922,10,375.974762
-0.706275,100,376.492287
0.382273,11,376.549602
0.078765,3,376.565407
0.131467,34,376.741732
0.188965,31,376.898135
0.247684,20,377.003411
0.198535,4,377.023786
-0.018472,48,377.268445
-0.144796,66,377.598255
-0.648817,100,378.100353
0.166903,22,378.212168
0.25778,22,378.323099
-0.365886,60,378.615606
-0.103051,36,378.794613
0.130995,34,378.966536
0.487568,18,379.056686
0.40577,17,379.1403
-0.399169,57,379.427979
0.22432,26,379.563071
0.376106,20,379.664578
-0.350762,53,379.92548
0.189661,38,380.129258
-0.02307,43,380.345635
0.268073,13,380.410572
-0.922275,100,380.909764
0.087003,29,381.055386
-0.570636,100,381.559321
-0.13029,57,381.838592
0.289416,22,381.949489
0.357598,15,382.042315
-0.591858,100,382.537867
-0.236129,63,382.853012
0.26693,14,382.92523
0.077452,3,382.942662
0.175873,18,383.032387
-0.435018,37,383.219338
-0.599778,100,383.716274
0.106372,3,383.733562
-0.117206,50,383.989813
0.016793,42,384.201167
0.017969,2,384.212526
0.140128,27,384.347356
-0.116177,63,384.672468
0.185173,21,384.779287
0.063947,4,384.800099
0.350445,8,384.842788
-0.010768,55,385.138276
0.160289,22,385.253598
0.068622,18,385.345965
-0.246144,44,385.568666
0.117888,34,385.739522
-0.272932,63,386.062345
-0.085395,39,386.265902
0.113198,26,386.398317
0.099807,30,386.547934
0.343342,32,386.709563
-0.207791,71,387.063897
0.225213,26,387.196102
0.044317,39,387.392371
0.173189,21,387.496014
0.10866,33,387.667893
0.185329,13,387.734922
0.108996,31,387.894102
-0.712061,100,388.403514
0.257353,26,388.535367
0.374934,25,388.668684
0.370935,21,388.777078
0.371921,18,388.870252
0.234988,35,389.050349
0.265923,24,389.172938
-0.674825,100,389.673501
0.071578,34,389.844466
0.341778,15,389.921026
0.168652,12,389.982315
0.234919,22,390.092152
-0.00642,44,390.316242
0.111147,22,390.428871
0.338896,19,390.527897
0.264653,28,390.669979
0.142726,23,390.785819
-0.159354,51,391.040167
0.075729,24,391.174296
0.377378,21,391.282566
0.483267,6,391.312084
-0.006597,35,391.490209
0.001666,13,391.559923
0.121584,3,391.576413
0.120862,26,391.709641
0.009464,13,391.778255
-0.24679,26,391.908628
0.269667,21,392.015
0.062353,34,392.188989
0.097855,28,392.332539
-0.182708,43,392.548662
0.288424,13,392.614848
-0.269618,76,392.991001
0.465258,16,393.071052
0.194743,47,393.311902
0.115883,26,393.441398
0.21882,28,393.580336
0.387104,17,393.665841
-0.591288,100,394.17478
-0.037187,40,394.380781
-0.329423,45,394.609585
-0.531341,77,394.996401
-0.023749,34,395.174292
-0.250863,52,395.43505
-0.187245,56,395.712309
0.346511,22,395.82472
0.283942,10,395.881485
0.228365,29,396.028493
-0.039136,51,396.290782
0.292134,20,396.390533
0.209554,28,396.533486
-0.47777,100,397.041344
0.279013,12,397.103449
0.046044,30,397.256465
0.130136,32,397.418946
0.159839,26,397.549982
-0.531245,60,397.850735
0.278668,17,397.938484
0.010787,9,397.985752
-0.127958,55,398.262332
-0.642711,100,398.775186
0.368191,10,398.826335
-0.021408,30,398.980285
0.110602,28,399.122062
-0.064981,31,399.277792
-0.172408,43,399.500939
-0.613053,100,400.018897
-0.259559,77,400.414291
0.027077,40,400.619276
-0.062378,51,400.885657
-0.360822,62,401.201858
0.226382,25,401.325565
0.328746,15,401.402246
0.055873,20,401.502559
0.297248,24,401.625973
-0.104899,65,401.954623
-0.088903,64,402.279625
0.011502,29,402.425757
-0.053377,38,402.617347
-0.34139,26,402.746942
0.039643,2,402.75821
-0.460628,100,403.262855
-0.40556,92,403.731533
-0.190104,70,404.08295
-0.01,1,404.088257
0.309454,7,404.12458
0.332634,27,404.263272
-0.440395,79,404.668489
0.157213,11,404.722594
0.257015,27,404.860064
0.113239,32,405.031105
0.175285,43,405.252495
0.162512,37,405.436917
0.134586,24,405.558133
0.025987,30,405.71191
0.263237,15,405.788229
0.408532,9,405.845174
-0.544469,94,406.332501
-0.015743,42,406.546861
0.268671,22,406.65885
0.347155,14,406.732228
0.121564,15,406.806029
0.039679,40,407.008363
-0.022314,29,407.153224
0.366184,32,407.31464
0.05454,34,407.486839
0.2627,21,407.592814
0.030563,11,407.647885
0.243975,26,407.777132
0.305456,15,407.852156
-0.658514,100,408.349
0.117012,29,408.497685
0.272427,16,408.578835
-0.617377,100,409.090129
0.324248,20,409.193375
-0.130012,43,409.409575
0.122075,4,409.432506
0.485908,16,409.518304
-0.28574,41,409.72704
0.111219,33,409.889683
0.110934,4,409.910505
-0.500363,100,410.415124
0.091592,47,410.650423
0.218889,3,410.666036
0.353829,26,410.7984
0.194089,17,410.885349
0.282673,15,410.97524
0.054447,2,410.985324
0.248973,20,411.085086
0.111219,31,411.241229
0.384365,13,411.30912
0.216236,22,411.420608
0.32756,14,411.49057
0.181844,18,411.581192
-0.442333,90,412.029704
0.222145,8,412.069571
0.080375,39,412.274407
0.381103,25,412.403145
0.14114,34,412.576373
0.015322,7,412.613778
0.147616,21,412.719537
0.259141,7,412.754793
0.297183,21,412.860743
0.172782,4,412.88124
0.111599,34,413.051321
0.122613,16,413.131536
-0.025511,39,413.327484
-0.105675,44,413.5441
0.465662,15,413.618973
-0.646923,99,414.119563
0.255487,20,414.222075
0.300923,20,414.323511
0.329264,15,414.40311
0.380008,27,414.545265
-0.043896,28,414.689495
-0.04926,63,415.016637
-0.53785,47,415.251712
-0.080785,59,415.543235
0.244993,22,415.656494
0.396551,20,415.75957
-0.274247,71,416.123705
-0.435252,61,416.430888
0.117976,33,416.598045
0.232266,21,416.707943
-0.197391,55,416.98569
0.201881,14,417.057493
0.1261,26,417.187922
0.026367,27,417.324287
0.170813,27,417.460761
-0.187504,47,417.69204
-0.025348,31,417.849806
0.164065,5,417.875263
0.178982,22,417.986336
0.243428,25,418.112196
0.23919,16,418.196444
-0.138163,47,418.431272
0.255624,20,418.53198
-0.01,1,418.537164
0.317921,16,418.621869
0.149201,30,418.771878
0.178843,26,418.905542
0.053913,4,418.927321
0.000197,71,419.28458
0.205303,40,419.49233
0.154804,32,419.656418
0.133735,36,419.845526
0.333344,12,419.909494
0.246201,20,420.010759
0.325321,12,420.071414
0.161807,25,420.20488
0.263395,18,420.298457
-0.592373,100,420.809976
0.363589,17,420.900668
0.273335,19,421.000592
0.370621,15,421.07745
0.299366,19,421.175674
0.063095,3,421.19258
0.267314,26,421.324528
-0.295273,94,421.803086
0.135034,15,421.880359
0.316368,16,421.963
0.235304,26,422.093807
0.277813,24,422.217778
0.073278,36,422.398765
0.280836,28,422.54663
0.18921,21,422.653695
-0.327149,22,422.764748
0.350337,21,422.87057
0.327268,9,422.916025
0.459611,12,422.978809
0.393498,18,423.072036
0.338192,25,423.198004
0.394542,16,423.278136
0.061151,3,423.293854
0.170418,43,423.51194
-0.143986,25,423.635084
0.239599,18,423.725357
0.291175,18,423.81748
-0.058113,39,424.021258
-0.187886,62,424.328446
-0.014849,40,424.53599
0.070649,4,424.556304
0.10226,49,424.805182
0.339442,15,424.880906
0.403129,16,424.964779
0.186143,14,425.042709
0.140005,41,425.254974
-0.216441,59,425.550695
-0.066854,27,425.70785
0.257939,18,425.800501
0.313199,22,425.929226
0.329876,17,426.016094
0.082515,28,426.157676
0.004147,23,426.273232
0.053443,43,426.493441
0.501256,30,426.64758
0.257266,23,426.77055
0.238457,34,426.949091
0.42453,10,427.000587
0.212021,16,427.080737
0.024003,19,427.179798
0.05664,5,427.205486
0.326978,27,427.345864
0.081764,34,427.516995
-0.438434,58,427.808816
0.281251,18,427.901504
0.270735,15,427.978218
0.136492,20,428.077784
0.168694,30,428.226658
-0.081417,37,428.411515
0.158231,5,428.439022
0.493428,16,428.526029
0.128947,28,428.666891
0.191169,13,428.733324
-0.001514,35,428.909176
0.304789,9,428.958656
-0.650568,100,429.474266
0.045332,25,429.614342
-0.493769,100,430.142713
-0.208627,31,430.298488
0.177606,15,430.372655
0.248541,15,430.447577
-0.036959,15,430.527
-0.776906,100,431.025218
-0.295686,63,431.339233
0.046859,25,431.462165
0.03973,2,431.473527
-0.029819,30,431.624021
0.232472,23,431.740318
0.191197,21,431.844694
0.145662,6,431.875764
0.220262,23,431.990851
0.353657,17,432.07492
0.259242,10,432.12566
0.175892,23,432.242877
-0.057104,54,432.513776
-0.210283,55,432.792719
-0.097313,56,433.072766
0.180733,24,433.194469
-0.089683,39,433.388786
-0.723691,100,433.883885
0.270081,13,433.951308
0.112666,20,434.056553
0.221349,21,434.163552
0.316986,10,434.215578
0.186615,21,434.322947
0.230227,5,434.349534
0.203272,13,434.417937
0.213067,23,434.543385
0.404499,17,434.633169
0.053934,25,434.763158
0.137505,21,434.870034
0.353974,8,434.913195
0.21203,23,435.043038
0.188876,38,435.239403
0.514666,23,435.357172
-0.528712,100,435.865981
0.145045,18,435.964891
0.064634,4,435.988098
0.305547,26,436.12428
0.194694,41,436.337499
-0.431261,100,436.856975
0.344748,13,436.924909
0.056664,24,437.046431
0.269583,11,437.103392
0.216723,30,437.262864
0.01688,33,437.434165
-0.078307,85,437.85807
0.407104,11,437.915358
0.230201,20,438.01751
0.264306,10,438.068431
0.274918,22,438.183092
0.42518,12,438.242957
0.129309,22,438.353821
0.36096,17,438.441677
0.07051,22,438.55175
0.235694,18,438.646733
-0.736919,25,438.768865
0.180961,20,438.869281
0.164546,26,439.00456
0.331314,14,439.074672
-0.032193,41,439.278997
-0.424204,36,439.465234
0.11008,27,439.601267
0.347195,13,439.666709
0.031917,28,439.806397
-0.3768,74,440.183652
0.28731,7,440.218025
0.261419,19,440.313482
-0.048047,40,440.514812
0.483165,11,440.574889
-0.171204,40,440.781579
-0.160276,50,441.030805
0.276064,11,441.088391
0.154859,27,441.231018
0.320798,21,441.336889
-0.539966,100,441.83908
0.261532,27,441.97431
0.349737,21,442.079956
0.121446,14,442.149576
-0.430992,38,442.343663
0.297553,14,442.416041
0.167492,43,442.637791
0.294534,11,442.696201
0.087725,9,442.740597
0.045961,2,442.751824
0.070011,11,442.810705
0.162608,28,442.952946
-0.296985,47,443.189086
-0.18008,36,443.369323
-0.162155,47,443.608408
0.145093,20,443.709648
0.188734,16,443.789541
0.225028,24,443.911172
0.179009,24,444.035127
-0.307127,46,444.264857
-0.814468,100,444.778351
-0.259104,47,445.020576
0.026281,30,445.192206
0.044151,21,445.295869
0.305437,19,445.393564
0.179939,26,445.522619
0.166284,25,445.654756
0.213576,21,445.75895
0.288325,22,445.87605
-0.129815,78,446.271754
-0.239822,41,446.479204
0.10171,30,446.632133
0.330485,25,446.769765
-0.105071,41,446.978196
0.102162,40,447.182123
0.269007,21,447.285488
-0.135763,73,447.657254
-0.114834,57,447.943769
-1.064933,100,448.451851
-0.01,1,448.457259
0.211478,18,448.549047
-0.683521,100,449.082953
0.151148,29,449.22938
0.257765,21,449.334354
0.022429,33,449.504973
0.169513,16,449.585839
0.386228,16,449.669143
0.061395,40,449.868811
-0.071331,64,450.187866
0.278712,26,450.318245
0.168553,21,450.425434
0.03532,4,450.445752
0.211258,16,450.525941
0.326834,17,450.611766
-0.018171,58,450.914999
-0.445849,52,451.181469
-0.229497,54,451.44995
0.229467,28,451.591101
0.26093,18,451.686479
0.34422,15,451.762855
-0.06239,46,451.995851
0.318546,11,452.051552
-0.15288,69,452.397388
0.331484,20,452.496972
-1.009517,100,452.999519
-0.715409,98,453.488878
0.342247,18,453.579944
0.29692,13,453.645862
0.366488,35,453.820853
-0.440784,83,454.248297
0.132589,23,454.366769
0.01565,2,454.377331
-0.298965,35,454.556805
0.004393,41,454.767404
0.142003,21,454.878048
0.17809,12,454.940594
0.216492,12,455.012409
0.4555,26,455.151201
-0.066524,63,455.476421
0.292639,21,455.582427
0.126739,33,455.748967
0.194947,27,455.893254
-0.017203,38,456.087378
0.378585,11,456.143591
0.317495,22,456.253458
0.124603,32,456.415275
0.187272,12,456.477473
0.330891,13,456.54433
0.084713,40,456.748497
-0.131526,39,456.951329
0.286401,14,457.022692
-0.13407,42,457.231511
-0.615978,37,457.413542
0.300537,17,457.497887
0.184107,30,457.65111
0.114691,27,457.787744
0.331319,22,457.899411
0.142213,34,458.070674
0.223802,21,458.17912
0.129647,15,458.254976
-0.505986,100,458.764803
0.121821,23,458.882291
0.129664,28,459.034281
0.116731,27,459.174993
0.329754,18,459.266985
-0.303261,82,459.693133
0.235573,10,459.743465
0.198893,32,459.907653
-0.366191,24,460.023776
0.323634,27,460.162583
0.112213,28,460.310364
-0.042595,31,460.464597
0.573537,12,460.526513
0.027495,32,460.689115
0.353991,12,460.755401
-0.241839,16,460.837242
-0.149892,49,461.081681
-0.740156,100,461.588359
0.171387,6,461.620687
-0.3629,48,461.861689
0.197172,22,461.971609
0.34786,16,462.051829
0.262552,13,462.116898
0.005931,19,462.212505
0.10695,5,462.237421
0.162495,7,462.273793
0.257063,25,462.400108
-0.319091,25,462.526804
0.168815,12,462.587846
-0.683684,100,463.094928
0.449812,21,463.206345
0.155803,12,463.266724
-0.29916,61,463.568098
0.250571,15,463.644818
0.089662,28,463.790414
0.137016,44,464.017863
0.202425,28,464.159409
-0.055543,30,464.313581
-0.084488,34,464.493919
-0.036666,48,464.743328
0.101396,32,464.905461
-0.097261,41,465.124572
-0.418395,69,465.472712
0.091695,6,465.503371
0.032611,25,465.628103
-0.180986,49,465.880901
0.017659,30,466.041036
0.171469,20,466.142292
0.197717,20,466.244627
0.224111,12,466.30461
0.249513,17,466.392501
0.212734,21,466.497221
0.233706,41,466.706388
0.165757,14,466.788132
0.355319,15,466.870933
0.375735,16,466.951591
0.275997,15,467.026056
0.123866,23,467.14183
0.115317,26,467.277061
0.262818,5,467.302225
-0.138083,29,467.44706
0.093917,23,467.562821
0.303464,13,467.629395
0.219985,18,467.721853
-0.200671,64,468.037051
0.221877,15,468.112527
0.055781,14,468.183523
0.177087,18,468.272625
-0.303841,57,468.560427
-0.01,1,468.565734
0.067369,21,468.672639
-0.434137,59,468.973363
0.444848,12,469.033983
0.112234,35,469.210187
-0.317872,57,469.49911
0.070458,6,469.53114
0.053471,26,469.661452
0.19083,22,469.773664
0.228797,24,469.89869
0.069057,38,470.097383
0.062438,24,470.219735
0.191974,10,470.27231
0.407035,13,470.340877
0.320599,16,470.420698
0.349865,14,470.491045
0.327763,20,470.592707
0.407109,15,470.670207
0.172317,17,470.75699
0.138682,21,470.864734
-0.655312,69,471.209266
0.375328,18,471.302913
0.183661,27,471.439908
0.163557,25,471.56951
0.190045,26,471.704449
0.034836,14,471.777325
-0.055518,46,472.006833
0.243337,23,472.124618
0.088301,17,472.211705
0.012504,35,472.390581
0.281839,11,472.444215
-0.386672,76,472.826402
-0.31287,21,472.93639
0.155222,39,473.134761
0.210825,37,473.320871
0.253677,21,473.426319
0.328824,32,473.586768
-0.334446,43,473.800621
0.101804,24,473.923798
0.281725,35,474.096097
0.095742,23,474.212635
0.307372,18,474.30769
0.165727,17,474.394537
-0.36166,100,474.915557
-0.41579,76,475.354187
0.181893,27,475.497079
0.24599,32,475.66093
0.048076,34,475.833407
0.103831,13,475.90529
0.16745,10,475.959078
0.131834,3,475.975338
0.086081,22,476.086505
0.178243,12,476.14613
0.103198,20,476.248096
0.264725,20,476.348534
-0.467469,52,476.602261
0.377528,10,476.652586
0.071749,26,476.787566
0.245293,19,476.890584
0.338704,23,477.009212
0.120431,10,477.057353
0.356097,15,477.135485
0.160354,15,477.21288
-0.231925,60,477.513004
0.130527,24,477.633763
0.162437,15,477.710703
0.358682,13,477.776415
0.438409,20,477.876657
0.211868,10,477.927331
0.250671,13,477.993088
-0.397439,66,478.329875
-0.072011,31,478.484261
0.106012,28,478.627238
0.163761,19,478.725387
0.184803,5,478.752122
0.176775,30,478.903564
0.3022,12,478.967446
0.192582,19,479.063845
0.095159,26,479.193532
0.24641,25,479.32253
0.045112,26,479.457024
0.387292,14,479.530512
0.246253,13,479.594483
0.173603,23,479.711162
-0.5432,64,480.032715
0.24187,17,480.118939
-0.144226,46,480.347248
-0.014384,31,480.500314
-0.03225,32,480.661191
0.418292,15,480.739715
0.32245,14,480.809556
-0.820707,100,481.318886
-0.143553,49,481.566151
0.103731,4,481.589386
0.060393,29,481.733717
0.066253,16,481.814793
0.121093,19,481.909714
0.442602,10,481.960813
0.184599,16,482.040282
0.404438,19,482.135031
-0.465528,100,482.636687
-0.035646,39,482.833256
0.266728,18,482.923928
-0.474843,100,483.428322
0.24043,23,483.544134
0.28161,24,483.66432
-0.027518,43,483.877277
0.335158,18,483.968567
0.365203,44,484.194281
-0.117065,29,484.339526
0.187076,21,484.450969
0.213974,14,484.522533
0.226537,20,484.626369
0.079123,28,484.770944
0.52858,27,484.907032
0.224088,25,485.042329
0.00826,52,485.311807
-0.007378,26,485.442886
0.37768,25,485.569147
0.229644,40,485.7736
-0.979441,100,486.293644
0.274454,30,486.448785
-0.11778,29,486.592114
0.097334,37,486.779669
0.20775,18,486.871214
0.234834,16,486.956872
0.136127,16,487.040606
0.047928,48,487.284011
0.373646,31,487.442478
-0.132516,22,487.553985
0.251084,18,487.645285
0.148015,27,487.784184
0.358056,16,487.86444
0.356112,18,487.955573
0.426286,18,488.045864
0.178626,35,488.221925
0.211437,12,488.282294
0.144543,19,488.378216
-0.419094,100,488.877002
0.303684,36,489.063458
0.263497,34,489.237621
0.245237,20,489.340374
-0.141303,33,489.508307
0.08633,27,489.644066
0.286655,27,489.78253
0.41206,19,489.884025
0.464675,25,490.014282
-0.521491,100,490.520222
0.271089,20,490.620184
0.333678,12,490.682847
-0.17954,92,491.148156
0.127292,35,491.32616
0.427859,21,491.434263
0.033157,37,491.620465
0.182873,29,491.766724
-0.12171,48,492.00731
0.058637,50,492.25679
0.12846,32,492.417004
-0.277306,42,492.622672
0.25428,15,492.699799
-0.326976,73,493.066891
0.259201,18,493.159685
-0.109797,49,493.402755
0.362436,21,493.507533
0.30497,27,493.642672
0.155665,23,493.764214
0.099666,25,493.888272
0.181613,14,493.958432
0.361976,25,494.085589
0.314764,22,494.195605
0.141128,37,494.378675
0.179942,27,494.515747
-0.534586,48,494.753155
0.212918,12,494.817215
0.299697,20,494.918986
0.341057,16,495.009361
0.213686,22,495.128133
0.21105,18,495.221007
0.130907,41,495.423541
0.237476,30,495.573481
0.217291,8,495.614377
0.291068,20,495.716526
0.086419,32,495.884966
0.479702,18,495.978777
0.385984,17,496.067245
-0.109769,51,496.322366
0.240342,23,496.43891
-0.422905,100,496.938852
0.15452,29,497.08555
0.353805,9,497.135595
0.147217,25,497.261385
0.424134,15,497.336982
-0.407084,100,497.837528
0.265397,23,497.953489
0.156523,18,498.04286
0.353675,14,498.112472
0.2686,10,498.163483
0.36062,14,498.232886
0.131364,19,498.328065
0.262671,13,498.394276
0.220038,19,498.490258
0.286812,15,498.567659
-0.943399,91,499.018731
0.306137,8,499.060704
0.256044,9,499.108331
-0.662055,100,499.61885
-0.480913,37,499.80335
0.1245,7,499.841771
0.258192,12,499.905124
-0.022606,29,500.050612
-0.018475,27,500.186267
-0.154268,33,500.350549
0.09093,18,500.441868
-0.023545,26,500.572475
0.36265,21,500.678094
0.019244,2,500.689394
0.13701,31,500.845305
0.201752,18,500.937615
0.187252,16,501.019559
0.072483,21,501.130015
0.402026,13,501.19826
0.272173,12,501.261396
0.167996,5,501.287023
0.204739,22,501.397491
-0.044513,33,501.5646
0.113964,21,501.671149
0.015405,38,501.862155
0.222381,13,501.928152
0.096718,7,501.963599
-0.007483,50,502.214115
0.098628,21,502.317739
0.096681,33,502.484735
0.281872,19,502.580667
0.397123,14,502.653821
0.090761,9,502.6985
-0.13968,34,502.866623
0.055096,2,502.87814
0.154516,25,503.004054
-0.164152,31,503.162405
0.060814,33,503.327815
-0.998272,100,503.825925
-0.039994,31,503.985757
0.243343,23,504.101966
0.228152,24,504.223113
0.310776,15,504.298745
0.188352,21,504.407741
0.227376,26,504.541993
0.267658,23,504.657377
-0.043555,40,504.859404
0.15937,7,504.896485
0.403777,13,504.966045
0.308163,22,505.084942
0.19725,28,505.234544
0.073035,22,505.345442
0.386858,12,505.404547
0.076706,40,505.608162
0.045576,3,505.624262
-0.012067,46,505.86312
0.193401,15,505.942493
0.04045,43,506.160616
0.469189,13,506.225805
0.212269,13,506.29515
0.234115,18,506.38651
0.290878,11,506.440996
0.40315,12,506.502086
0.391975,19,506.600178
-0.074394,50,506.851382
-0.120892,28,506.992334
0.089304,22,507.103324
0.274347,15,507.183974
0.482712,15,507.258113
