#{"t_start": 1779067148.4971375, "env_id": "None"}
r,l,t
-0.01,1,0.620253
-0.330099,6,0.646616
0.081314,3,0.660329
-0.215635,8,0.694148
-0.348143,5,0.71691
-0.521509,10,0.761754
-0.213569,3,0.774874
-0.580379,5,0.79544
0.030317,4,0.814938
-0.616662,7,0.845967
0.012258,4,0.863811
0.033554,2,0.873196
-0.547664,11,0.921162
0.167875,3,0.935252
0.00561,2,0.945866
-0.595423,9,0.983996
-0.595511,4,1.003141
-0.671355,13,1.058908
-0.430644,2,1.067664
-0.573587,2,1.076357
0.090165,13,1.1338
-0.01,1,1.139244
0.063464,2,1.148916
-0.398972,7,1.180813
0.010553,6,1.208723
0.172384,5,1.231063
-0.691313,9,1.268121
-0.202958,3,1.282575
-0.582352,7,1.312776
-0.566378,11,1.358052
0.015698,2,1.367582
-0.01,1,1.372802
-0.01,1,1.381072
0.052033,6,1.407898
-0.509802,4,1.424154
0.059902,5,1.446025
-0.343996,9,1.488599
0.043811,2,1.49851
-0.090206,19,1.577276
-0.01,1,1.582583
-0.18677,3,1.598028
-0.328933,9,1.636651
-0.375767,3,1.650044
0.099577,8,1.685889
-0.012,2,1.69796
0.01484,3,1.712424
0.01981,4,1.730616
-0.01,1,1.735864
0.005382,2,1.746644
0.066149,3,1.76036
0.037897,2,1.769924
-0.01,1,1.775162
0.077604,3,1.790096
-0.448659,10,1.831886
-0.01,1,1.837243
-0.408157,6,1.863639
-0.01,1,1.870715
-0.466382,7,1.902996
-0.616135,13,1.958081
-0.50703,3,1.971597
-0.451437,3,1.986617
0.037111,4,2.006071
0.113346,3,2.020561
-0.55465,9,2.059752
-0.370887,6,2.08612
-0.01,1,2.091438
-1.075562,20,2.174366
-0.01,1,2.17982
0.017535,2,2.191177
-0.389692,5,2.213801
-0.45807,2,2.222977
-1.004641,6,2.247867
0.070589,4,2.268003
-0.340629,7,2.298886
-0.005496,5,2.323502
-0.578659,4,2.34164
-0.01,1,2.34882
-0.01,1,2.354522
-0.699305,3,2.367298
0.001433,2,2.37763
-0.537953,5,2.401142
-0.01,1,2.4065
-0.337122,10,2.450413
-0.504025,2,2.459533
-0.01,1,2.466397
0.246094,3,2.480301
-0.01,1,2.485585
-0.16724,3,2.498623
-0.54521,8,2.536305
-0.537851,3,2.549129
0.003142,2,2.559284
-0.328843,3,2.572861
0.029407,2,2.584073
-0.266114,3,2.597486
-0.139131,4,2.614715
-0.811183,11,2.660889
0.01084,3,2.67598
-0.249653,3,2.689081
0.171909,2,2.698833
0.005068,3,2.712606
-0.290718,2,2.722901
0.001888,2,2.733784
-0.427139,9,2.77306
0.212238,2,2.782918
-0.698555,17,2.855773
-0.353472,4,2.872708
-0.849893,15,2.934678
-0.318171,2,2.943384
0.06726,4,2.962497
-0.01,1,2.96782
-0.688971,5,2.98826
-0.638576,4,3.004615
-0.01,1,3.011279
0.041035,3,3.024962
0.007851,2,3.03546
0.001892,2,3.044922
0.031647,2,3.056056
-0.01,1,3.061428
-0.01,1,3.066715
-0.295175,2,3.075404
-0.95609,16,3.142191
0.051069,2,3.152199
-0.730951,10,3.19509
-0.01,1,3.20033
-0.876536,5,3.222315
-0.01,1,3.227662
-0.333923,2,3.236753
-0.01,1,3.242873
-0.305,4,3.261624
-0.925377,16,3.326381
-0.466403,15,3.390191
-0.01,1,3.395529
-0.000246,3,3.411529
0.307769,12,3.463755
-0.92293,24,3.562765
0.050045,2,3.572726
0.072211,2,3.583794
-0.607068,7,3.612797
-0.377692,4,3.630175
0.027959,4,3.648435
-0.273872,4,3.667895
-0.47588,3,3.680103
-0.958449,10,3.719983
0.03853,4,3.73789
-0.01,1,3.744659
0.023054,3,3.758539
-0.01,1,3.764728
-0.01,1,3.770093
0.020574,2,3.780892
-0.153112,14,3.83936
-0.677766,3,3.851501
0.035419,2,3.861021
-0.012,2,3.872844
-0.351916,22,3.964418
-0.314625,2,3.974199
-0.01,1,3.979525
-0.126239,6,4.00624
0.011474,2,4.015873
-0.494203,8,4.048875
-0.46396,4,4.066224
-0.487904,5,4.089104
-0.406925,5,4.109667
-0.01,1,4.114886
0.024035,3,4.128305
0.012454,3,4.143329
-0.01,1,4.148687
-0.692052,10,4.191724
-0.025305,7,4.221253
-0.366301,3,4.235454
-0.434497,6,4.260329
-0.01,1,4.265597
-0.465213,3,4.279688
-0.000995,2,4.29055
0.022437,3,4.304605
-0.512388,4,4.321615
0.156109,4,4.339252
-0.734517,4,4.357149
-0.01,1,4.362484
-0.685325,5,4.38418
-0.01,1,4.389527
-0.01,1,4.396251
-0.01,1,4.401524
-0.01,1,4.406862
-0.899323,10,4.446147
-0.794705,5,4.467378
-0.721491,7,4.496922
0.067976,3,4.510451
-0.01,1,4.515697
0.305691,7,4.547259
-0.632942,3,4.560064
-0.414095,3,4.573142
-0.01,1,4.578425
-0.01,1,4.585961
0.013402,2,4.595578
-0.248321,7,4.625532
-0.01,1,4.630983
0.141523,2,4.642444
-0.01,1,4.648003
-0.36779,6,4.674111
0.001245,2,4.683607
0.015911,2,4.695542
-0.448068,12,4.747758
-0.449404,13,4.805941
-0.01,1,4.811484
-0.369336,7,4.843245
-0.01,1,4.848546
-0.320276,2,4.857232
-0.500789,3,4.870152
-0.220407,10,4.915177
-0.739623,9,4.951579
0.118527,5,4.973164
0.043002,2,4.982674
0.02816,16,5.053256
-0.633135,12,5.255619
-0.474187,14,5.319011
-0.01,1,5.324572
-0.01,1,5.332984
-0.01,1,5.338337
-0.958751,4,5.355404
-0.01,1,5.360721
0.069422,6,5.396312
0.038196,3,5.411383
-0.438557,3,5.425766
-0.276051,10,5.471829
0.28236,5,5.497177
-0.315663,5,5.520716
-0.151311,8,5.558068
-0.471972,7,5.590888
0.061852,6,5.62124
0.008468,2,5.632203
-0.961434,14,5.691577
-0.253083,6,5.721074
-0.36848,3,5.736977
-0.399566,5,5.759379
0.029228,2,5.768943
-0.479792,4,5.786755
0.053637,3,5.803737
0.028659,2,5.815836
-0.35373,7,5.847907
-0.01,1,5.854572
-0.390203,14,5.91893
-0.606625,22,6.017797
-0.442564,10,6.061725
-0.01,1,6.067108
-0.331468,8,6.104711
-0.01,1,6.111109
0.049323,3,6.125899
0.045437,2,6.136847
-0.047161,7,6.171144
0.032696,4,6.190393
0.041444,3,6.204391
-0.763239,22,6.302625
-0.01,1,6.309428
-0.692011,11,6.361
-0.284141,2,6.369784
-0.362081,8,6.405838
-0.01,1,6.413991
0.033143,2,6.423728
-0.790006,14,6.487277
0.007389,3,6.501194
-0.605473,11,6.552677
-0.01,1,6.557992
-0.314375,4,6.576571
0.049436,2,6.587448
0.070311,8,6.626486
-0.222048,7,6.660283
-0.483339,4,6.679743
-0.169616,6,6.707022
-0.271139,8,6.748005
-0.510323,23,6.858438
-0.884157,5,6.88145
0.018896,2,6.892895
-0.494887,14,6.960349
-0.01,1,6.966141
0.001366,2,6.977969
-0.388994,6,7.005646
-0.18181,8,7.045129
-0.01,1,7.053016
0.066281,2,7.063196
-0.01,1,7.068702
0.054918,4,7.089578
-0.560652,37,7.256321
-0.465662,6,7.283027
-0.01,1,7.288298
-0.490448,3,7.303967
0.065791,2,7.315102
-0.50381,22,7.418314
-0.01,1,7.424551
0.020044,3,7.442424
-0.597178,11,7.498176
-0.01,1,7.503923
-0.504659,5,7.527647
0.067775,2,7.540706
-0.01,1,7.546492
0.027422,3,7.563858
-0.120049,7,7.598517
-0.01,1,7.605689
-0.566483,2,7.615125
0.110688,5,7.64142
-0.306713,14,7.70558
-0.01,1,7.712219
0.026434,2,7.723033
-0.30214,3,7.737018
-0.01,1,7.74225
-0.01,1,7.748855
0.007011,4,7.769386
-0.715955,29,7.898827
-0.334415,6,7.927185
-0.01,1,7.933736
0.043197,2,7.944892
-0.012,2,7.954396
-0.01,1,7.959735
-0.422801,2,7.972446
-0.01,1,7.977884
-0.302516,2,7.988133
-0.3367,2,7.997292
-0.01,1,8.004133
-0.01,1,8.011002
0.057685,5,8.035002
-0.159176,9,8.077408
-0.312834,6,8.107938
-0.876072,15,8.17156
-0.325745,4,8.191903
0.067807,4,8.211123
-0.243792,9,8.25387
-0.286946,2,8.262486
0.119225,5,8.288917
0.027842,3,8.305942
-0.491889,9,8.351783
-0.395587,2,8.362567
0.118409,3,8.378321
0.032911,2,8.389817
0.049499,3,8.407455
-0.01,1,8.412841
0.02405,3,8.427924
-0.366038,3,8.442096
-0.306791,2,8.452276
-0.236311,7,8.484396
-0.150701,3,8.499565
-0.258316,4,8.517726
0.009782,2,8.528616
0.125645,3,8.543932
0.012843,3,8.558953
-0.817668,7,8.590075
-0.01,1,8.599052
-0.01,1,8.60437
-0.014,3,8.619705
-0.655303,8,8.654695
-0.260926,15,8.724289
-0.459877,5,8.747135
-0.01,1,8.75246
-0.312592,8,8.790181
-0.004865,6,8.821206
0.035139,5,8.846675
-0.300604,5,8.869571
0.011087,2,8.87915
-0.582163,21,8.975583
-0.233898,9,9.018595
-0.587858,8,9.054133
-0.01,1,9.059377
0.112592,5,9.083949
-0.522255,20,9.173604
-0.386231,6,9.201648
-0.01,1,9.206932
0.151023,6,9.239282
0.040079,2,9.24897
0.110495,4,9.268871
0.04549,2,9.279484
-0.258526,6,9.308321
-0.01,1,9.314716
-0.593551,11,9.364941
0.038561,4,9.385579
0.101879,4,9.40625
-0.01,1,9.411631
-0.01,1,9.420118
-0.012,2,9.429696
-0.539684,7,9.462878
0.090892,4,9.48226
-0.280955,9,9.5228
-0.769875,7,9.555702
0.002401,2,9.56645
-0.237713,7,9.599039
-0.420833,10,9.64648
-0.01,1,9.651683
0.06809,3,9.667656
-0.01,1,9.672818
-0.467926,13,9.729556
0.003958,2,9.74212
0.159166,3,9.757425
-0.09432,5,9.781295
-0.136896,4,9.799908
0.124841,5,9.823335
-0.317514,4,9.845219
0.121384,4,9.866179
0.014144,2,9.875845
-0.326616,4,9.894418
-0.42247,13,9.956081
-0.01,1,9.961666
-0.227346,2,9.970613
-0.532056,2,9.98065
-0.200024,17,10.060912
0.041391,2,10.071939
-0.01,1,10.077437
-0.275968,3,10.092036
-0.744179,4,10.111608
-0.01,1,10.117128
-0.398673,6,10.14411
-0.258633,5,10.169611
0.029679,2,10.180442
-0.01,1,10.185737
-0.425956,2,10.195978
-0.50471,5,10.219478
-0.283279,8,10.260282
-0.579806,3,10.274398
-0.391469,7,10.305673
-0.57585,6,10.332225
-0.281979,4,10.352777
0.03265,4,10.374017
-0.281871,17,10.451705
-0.570416,6,10.480054
0.113838,6,10.511141
-0.012,2,10.521859
0.028994,5,10.545225
-0.238216,12,10.601274
-0.272362,9,10.644995
-0.01,1,10.651934
-0.52629,5,10.67634
-0.341696,13,10.735585
-0.485746,12,10.793779
-0.421732,8,10.833865
0.245569,9,10.87785
-0.652341,2,10.888214
0.067859,3,10.905088
0.008224,5,10.929584
-0.505738,5,10.952906
-0.01,1,10.958415
-0.546441,8,10.997355
-0.01,1,11.004109
-0.456509,5,11.028102
-0.702588,24,11.137367
-0.146438,10,11.185133
-0.575603,9,11.226119
-1.289431,25,11.332605
-0.261954,8,11.369962
-0.543047,24,11.483633
0.088607,2,11.494177
0.023525,2,11.505196
0.115693,4,11.524188
-0.422524,3,11.53985
0.021528,4,11.559226
-0.01,1,11.564554
-0.390907,6,11.592527
-0.398831,4,11.613069
-0.01,1,11.619705
-0.513684,10,11.662897
-0.338774,2,11.673019
-0.220646,10,11.720272
-0.273727,5,11.742993
-0.01,1,11.749434
0.100719,10,11.794985
-0.227891,2,11.807553
-0.417828,2,11.816652
-0.012,2,11.82777
-0.01,1,11.833354
0.001521,3,11.851021
-0.387643,7,11.88373
0.092295,4,11.905075
-0.773396,23,12.015141
-0.125736,6,12.045694
-0.701979,4,12.063928
-0.012,2,12.073775
0.015719,4,12.093078
0.017678,2,12.105431
0.039609,2,12.116134
-0.01,1,12.121622
-0.172832,5,12.145631
-0.01,1,12.152335
-0.201222,6,12.179434
-0.01,1,12.185874
-0.01,1,12.19118
-0.01,1,12.197813
-0.876745,10,12.244956
-0.01,1,12.250884
-0.473504,26,12.375173
0.114378,2,12.387684
0.027369,2,12.397476
0.013007,2,12.408508
-0.01,1,12.414037
-0.01,1,12.421514
-0.527443,3,12.436072
-0.882386,7,12.467988
-0.336191,3,12.48228
-0.245456,4,12.502178
-0.823119,8,12.537939
-0.135591,12,12.59512
-0.288063,12,12.651846
0.038806,3,12.667204
-0.115546,14,12.732982
-0.226735,5,12.755754
0.120624,5,12.779393
0.011101,2,12.791316
-0.358658,7,12.826521
0.007518,2,12.836822
0.058437,2,12.848661
-0.53028,8,12.888644
-0.795075,3,12.901294
-0.557133,8,12.937958
0.02408,6,12.967443
0.068904,5,12.993228
-0.465883,3,13.007539
0.076439,3,13.022414
0.044382,3,13.037466
-0.01,1,13.045482
0.006977,2,13.055442
-0.478737,3,13.070097
0.143794,7,13.10387
-0.635,11,13.154768
-0.645171,3,13.169414
0.002409,2,13.180335
-0.01,1,13.185766
-0.01,1,13.192451
0.006374,5,13.21638
-0.01,1,13.222942
-0.431745,4,13.242022
-0.320242,4,13.262382
-0.357847,3,13.275607
0.197591,5,13.300544
-0.322223,4,13.319238
-0.958932,6,13.354308
-0.56685,19,13.440658
0.079564,4,13.461432
-0.20988,4,13.480316
-0.307888,3,13.496121
-0.616937,39,13.675395
0.057706,3,13.690192
0.089479,3,13.705394
-0.81689,18,13.78635
0.01133,2,13.797071
-0.549978,3,13.811399
-0.452589,5,13.833457
-0.590132,6,13.861461
0.069973,2,13.872327
-0.709581,5,13.89428
-0.01,1,13.899549
0.057143,3,13.91605
-0.230086,8,13.952854
-0.932933,12,14.005898
0.038278,3,14.020952
0.026606,3,14.037572
-0.178802,6,14.065408
-0.729871,5,14.087271
-0.71192,7,14.118221
-0.01,1,14.125017
-0.893004,22,14.227876
0.006013,2,14.237518
-0.012,2,14.248413
-0.663249,5,14.27305
-0.431368,8,14.310677
-0.01,1,14.316123
-0.249321,8,14.352427
0.010922,3,14.369385
0.189369,6,14.400138
-0.01,1,14.405558
-0.179025,11,14.455581
-0.012,2,14.466518
0.163928,3,14.48297
-0.01,1,14.488463
-0.251696,4,14.507687
-0.399771,8,14.545955
-0.479672,9,14.587335
0.153787,3,14.60249
-0.490025,11,14.652521
-0.290275,9,14.695908
-0.687572,7,14.727024
0.051787,2,14.736508
-0.01,1,14.742969
-0.420197,3,14.756639
0.30166,3,14.771711
-0.489631,12,14.827202
-0.01,1,14.832739
-0.257137,5,14.86045
0.022507,3,14.877697
-0.602824,2,14.889898
-0.01,1,14.896985
-0.343885,4,14.921117
-0.539457,4,14.942727
-0.790329,8,14.981391
-0.946642,22,15.081511
0.043724,2,15.093355
-0.01,1,15.099201
0.035379,4,15.122143
0.168125,5,15.14712
-0.656404,4,15.166439
-0.01,1,15.171772
-0.012,2,15.181161
-1.208436,16,15.251914
0.04497,3,15.268197
0.118418,4,15.287604
-0.536506,2,15.297709
0.019754,2,15.307466
-0.01,1,15.315097
-0.01,1,15.321708
-0.596073,21,15.416322
0.033344,2,15.425848
-0.01,1,15.433984
-0.458684,11,15.481991
0.000721,3,15.496756
0.08427,4,15.516368
-0.012,2,15.529546
0.154956,2,15.539149
-0.432068,9,15.579476
-0.262148,5,15.603985
-0.254194,4,15.625468
0.004602,5,15.648412
-0.367561,8,15.684321
-0.489248,9,15.724179
0.075291,8,15.764055
-0.400925,3,15.778197
-0.410712,7,15.810151
-0.523979,13,15.869008
-0.63576,29,16.003262
0.026488,12,16.060987
0.031931,2,16.071855
0.063807,4,16.09117
0.132683,8,16.129525
-0.01,1,16.134848
-0.418369,3,16.149636
0.035811,2,16.159264
0.076011,5,16.184115
-0.192962,4,16.202852
-0.458748,3,16.217432
-0.495926,6,16.246891
0.112041,8,16.285825
-0.152489,5,16.308674
-0.01,1,16.314077
0.159473,7,16.348166
-0.275627,13,16.408223
-0.01,1,16.413557
-0.208009,10,16.460959
-0.012,2,16.47036
0.316121,5,16.496652
-0.01,1,16.501974
-0.26763,13,16.561738
-0.268009,7,16.594234
-0.988204,15,16.66512
0.003358,2,16.675074
-0.644909,16,16.74733
0.031645,4,16.768568
0.139327,5,16.795023
-0.675027,7,16.826323
-0.645935,3,16.841131
0.006422,3,16.857808
-0.447114,19,16.949424
0.007669,2,16.962434
0.051018,3,16.978814
-0.350326,6,17.006324
-0.447439,2,17.017712
0.006749,3,17.031587
0.001358,2,17.042334
-0.702293,10,17.086217
-0.455017,18,17.169575
-0.49071,22,17.268104
-0.691585,9,17.310299
-0.495876,9,17.353026
-0.01,1,17.360287
0.201401,5,17.386225
0.036388,4,17.406721
-0.01,1,17.41417
0.106284,2,17.42639
-0.070475,12,17.487923
-0.563846,2,17.498745
-0.099417,7,17.532688
-0.30293,5,17.560018
-0.44839,3,17.573598
0.01044,3,17.589877
-0.012,2,17.600979
-0.01,1,17.608158
0.213449,6,17.636785
-0.544271,11,17.687376
0.11328,4,17.706726
0.188121,3,17.723728
-0.169869,15,17.792363
-0.01,1,17.797676
-0.01,1,17.802955
0.14474,7,17.838464
-0.694302,10,17.882346
0.151592,5,17.908385
-0.680202,5,17.930207
0.155647,5,17.955367
-0.01,1,17.96069
0.00327,3,17.976158
-0.446749,2,17.986137
-0.332509,4,18.007231
-0.566943,2,18.015917
-0.1858,6,18.044234
-0.437926,2,18.053071
0.107414,8,18.093209
-0.665901,29,18.225115
-0.304284,5,18.249041
-0.683381,6,18.275807
0.055397,9,18.325039
-0.381421,3,18.341338
-0.52235,5,18.365906
-1.029404,26,18.486288
-0.091117,13,18.550486
-0.594413,6,18.578823
-0.834455,6,18.605033
-0.304888,25,18.721429
-0.257764,5,18.747229
-0.259757,9,18.789083
0.004927,3,18.804189
-0.012,2,18.813658
0.295923,5,18.839644
-0.765176,5,18.863261
-0.211625,5,18.887507
-0.01,1,18.893332
-0.245579,7,18.931341
-0.888584,7,18.962407
0.109199,3,18.97646
-0.01,1,18.98297
-0.01,1,18.989866
-0.01,1,18.99506
0.027451,2,19.005661
-0.01,1,19.011024
-0.190239,3,19.028388
0.014016,2,19.037978
0.039682,2,19.048677
-0.01,1,19.053959
-0.341412,5,19.077817
0.028114,2,19.088578
-0.3469,16,19.162324
0.028349,3,19.176182
-0.01,1,19.184466
0.068502,8,19.222977
-0.904135,14,19.287065
-0.461601,15,19.358397
0.010119,14,19.423659
-0.210626,4,19.444314
0.073967,9,19.488207
0.035923,6,19.516736
0.020189,3,19.534972
-0.859409,19,19.622546
-0.458507,7,19.656228
-0.613711,13,19.71486
-0.01,1,19.721734
-0.761487,18,19.801796
0.048684,4,19.82115
-0.01,1,19.827669
0.025944,4,19.849969
0.099763,9,19.894095
-0.34049,5,19.916836
-0.01,1,19.922078
-0.578222,3,19.936972
0.026172,3,19.952974
0.016002,9,19.99474
-0.358502,8,20.030752
-0.785547,20,20.123334
-0.397532,2,20.13329
-1.038966,35,20.288492
0.129308,4,20.307846
0.042687,2,20.32016
0.02679,15,20.391987
-0.012,2,20.401466
-0.435382,7,20.43337
0.035049,2,20.444451
-0.330991,5,20.470236
-0.01,1,20.475669
-0.472787,4,20.494516
-0.01,1,20.501263
-0.420693,7,20.533978
-0.01,1,20.539284
-0.01,1,20.544547
-0.360451,4,20.564597
-0.01,1,20.57141
-0.469708,2,20.5804
-0.01,1,20.585674
0.313342,8,20.624496
-0.730933,9,20.668167
-0.01,1,20.673682
0.227576,4,20.69369
-0.399826,7,20.727603
-0.51354,8,20.763579
0.021644,2,20.774231
-0.658771,16,20.84523
-0.01,1,20.85201
0.183979,8,20.892123
-0.518378,15,20.96497
-0.01,1,20.970611
-0.309734,9,21.017864
-0.01,1,21.023268
-0.174079,7,21.056504
0.038372,2,21.065936
-0.01,1,21.072812
-0.01,1,21.080549
-0.76029,10,21.12407
-0.518978,6,21.151256
-0.32194,5,21.178134
-0.54124,4,21.197394
0.023888,4,21.217863
-0.01,1,21.223427
-0.322933,2,21.234938
-0.606374,12,21.290944
0.038836,6,21.319459
0.054576,3,21.334676
-0.857183,10,21.380361
0.014853,3,21.397695
-0.380239,3,21.412248
-0.465102,11,21.463121
-0.548093,8,21.5022
-0.526243,10,21.546871
0.028701,3,21.562382
-0.145062,6,21.591754
0.025715,2,21.604586
-0.410895,8,21.643401
0.003082,5,21.667215
0.062367,5,21.690622
-0.318146,8,21.729378
-0.300519,8,21.765787
-0.01,1,21.772393
-0.181789,7,21.80484
0.053354,3,21.821778
-0.01,1,21.827054
-0.012,2,21.838045
-0.01,1,21.84347
0.063322,5,21.869402
0.096017,11,21.92382
0.075933,8,21.962229
0.005529,4,21.982674
-0.483851,9,22.02698
-0.213012,10,22.073802
-0.01,1,22.079173
-0.208472,12,22.136674
0.058608,2,22.149132
-0.459701,10,22.194559
-0.885463,21,22.289574
-0.658703,6,22.318996
0.061193,3,22.335638
-0.342767,3,22.348938
0.041504,2,22.360063
-0.01,1,22.365412
0.029166,3,22.382053
-0.456727,4,22.400549
-0.012,2,22.410038
-0.221745,5,22.435517
-0.01,1,22.442305
0.038324,2,22.45186
-0.267762,10,22.498307
0.019684,2,22.507947
0.097956,4,22.530102
-0.78322,14,22.595345
0.016404,2,22.605364
-0.714026,16,22.683603
-2.8e-05,4,22.705669
-0.01,1,22.712144
0.166063,9,22.755869
0.096357,21,22.854013
-0.55022,2,22.86669
0.156458,5,22.891032
-0.457996,7,22.92565
0.033308,5,22.953737
-0.246287,12,23.014329
-0.587544,8,23.052258
-0.221908,13,23.113914
-0.01,1,23.119471
-0.248397,7,23.156424
0.057636,7,23.192071
-0.01,1,23.197546
-0.23042,6,23.226914
-0.287932,3,23.242805
-0.376162,7,23.275853
0.154502,6,23.30618
-0.194133,17,23.386807
0.352989,5,23.412778
-0.50627,12,23.469708
-0.432681,7,23.502195
0.038465,2,23.511885
-0.489534,8,23.551012
-0.012,2,23.562017
-0.081615,6,23.589328
-0.372583,4,23.60795
-0.663783,5,23.63328
0.070808,2,23.643613
0.222239,5,23.669504
-0.01,1,23.676013
-0.212362,16,23.752181
-0.42867,9,23.792997
-0.68222,10,23.836983
-0.416639,5,23.862638
-0.452245,11,23.91171
0.175997,8,23.949261
0.071552,2,23.961207
-0.647666,16,24.034158
-0.546267,9,24.078265
0.011483,3,24.093862
-0.28964,4,24.112971
-0.059184,9,24.154221
-0.631339,3,24.170677
0.267722,7,24.203919
0.084298,3,24.217616
-0.439929,3,24.232269
-0.01,1,24.238962
0.1357,6,24.269242
0.036729,3,24.284244
-0.479621,10,24.330453
0.043128,3,24.347414
0.132692,10,24.39539
0.016505,3,24.41145
-0.591594,16,24.483811
-0.301097,3,24.499888
0.050481,19,24.588284
-0.390793,9,24.628705
0.017738,2,24.638131
-0.01,1,24.646336
-0.014,3,24.660714
0.095222,6,24.692402
-0.408976,9,24.733737
-0.894018,13,24.795118
0.14123,12,24.851152
0.037123,2,24.862061
-0.280356,14,24.92941
-0.187645,10,24.981786
-0.531267,6,25.009885
-0.642886,11,25.059367
-0.01,1,25.064656
0.008129,3,25.080992
0.073588,3,25.097197
0.174791,4,25.118309
0.019111,3,25.134826
-1.008793,18,25.219553
0.073552,3,25.235836
-0.01,1,25.241277
0.093512,6,25.270543
-0.439633,7,25.304399
-0.01,1,25.311162
-0.30987,10,25.356887
-0.191426,8,25.395803
-0.01,1,25.402702
0.115192,3,25.418242
-0.392272,2,25.428491
0.123954,9,25.470158
-0.01,1,25.477024
0.01556,5,25.502867
-0.181477,3,25.517811
-0.531654,18,25.600205
-0.565228,18,25.685042
0.094635,3,25.699887
-0.01,1,25.706462
0.171296,3,25.72191
0.093855,5,25.746989
0.020209,4,25.76705
-0.434645,8,25.802049
-0.164765,6,25.831943
-0.01,1,25.838606
0.014632,3,25.85357
-0.18885,10,25.898533
-0.01,1,25.903828
-0.000427,2,25.917194
-0.330321,6,25.943609
-0.253563,6,25.971909
0.003721,5,25.995562
-0.383531,10,26.043605
0.05463,2,26.053135
0.002825,3,26.068506
-0.288194,9,26.110451
0.075491,5,26.136934
-0.01,1,26.143607
-0.605223,9,26.183751
-0.01,1,26.189115
0.073963,3,26.206147
-0.412244,3,26.222255
-0.176979,23,26.330997
-0.588943,8,26.368206
-0.775447,5,26.393626
0.120164,5,26.417585
-0.530893,2,26.427639
-0.604246,9,26.470504
-0.115971,18,26.561397
-0.01,1,26.566905
-0.370881,9,26.609659
-0.592888,5,26.631581
0.129221,5,26.658055
0.000858,2,26.668799
-0.01,1,26.674255
0.016047,2,26.684233
0.011136,3,26.701783
-0.198901,5,26.725439
0.124538,6,26.756282
-0.01,1,26.761679
-0.342941,11,26.813362
0.114735,3,26.827988
-0.359476,8,26.867191
0.015945,2,26.877043
-0.500908,35,27.044828
-0.192813,9,27.086251
-0.17497,8,27.123051
-0.01,1,27.128333
-0.642318,4,27.148749
-0.01,1,27.155463
0.108912,2,27.165091
-0.327708,4,27.183714
-0.01,1,27.190377
-0.519179,6,27.218625
-0.00261,3,27.234054
-0.01,1,27.239413
-0.073422,12,27.298781
-0.553583,15,27.370795
-0.647486,3,27.384272
0.064704,5,27.409685
-0.41212,11,27.472927
-0.01,1,27.480103
-0.299013,12,27.543951
-0.012,2,27.554594
-0.079745,18,27.642601
-0.029629,12,27.69836
0.074584,3,27.712413
0.078086,2,27.723117
-0.281036,13,27.784005
0.066282,3,27.798893
0.062695,2,27.808634
-0.942472,19,27.894012
0.215743,13,27.956737
0.038631,4,27.977
0.045844,3,27.99308
-0.01,1,27.998468
-0.843916,11,28.047949
0.045104,5,28.071448
-0.817752,14,28.134592
-0.690261,10,28.178913
0.050223,2,28.191795
-0.012,2,28.202047
-0.660298,27,28.338307
-0.01,1,28.343994
-0.348362,14,28.41376
-0.506193,7,28.446075
-0.668631,14,28.520964
0.077137,4,28.542086
-0.215855,7,28.57709
-0.01,1,28.582499
-0.340498,11,28.637171
-0.460054,23,28.74628
-0.532128,3,28.760174
-0.541491,17,28.841186
0.081164,2,28.850972
-0.48853,5,28.87313
0.143494,5,28.901259
0.233756,5,28.92724
-0.268534,7,28.96202
-0.347742,8,29.001691
-0.263749,4,29.023985
-0.406943,4,29.043121
-0.221714,10,29.088503
-0.504067,10,29.136381
-0.220092,9,29.180869
-0.382992,6,29.208365
0.197111,12,29.266435
0.013264,2,29.277323
0.0691,6,29.307898
-0.393705,4,29.328295
-0.145847,15,29.402156
-0.736157,9,29.446149
-0.01,1,29.454441
-0.120811,3,29.467752
-0.395857,8,29.504632
0.112847,4,29.524036
0.057786,3,29.54156
-0.268803,9,29.582475
0.125297,4,29.601585
-0.72106,12,29.657759
-0.346572,12,29.713632
-0.592054,19,29.797982
-0.01,1,29.803239
-0.01,1,29.809536
-0.198943,8,29.849678
-0.527771,14,29.913172
0.053761,3,29.928151
0.084726,3,29.944002
-0.811275,27,30.062244
0.331933,10,30.10903
-0.495381,6,30.135902
-0.506703,14,30.201341
-0.241591,16,30.279161
-0.70455,25,30.39263
0.077186,4,30.412222
-0.177781,2,30.422308
-0.414089,3,30.437318
-0.186369,7,30.471447
-0.640227,9,30.511085
-0.349005,16,30.58548
-0.288753,12,30.642664
0.279538,24,30.754076
-0.322335,10,30.802212
-0.745962,8,30.838192
-0.01,1,30.845021
0.139617,17,30.925905
0.029335,4,30.945285
-0.29546,6,30.977075
-0.767733,7,31.011404
-0.01,1,31.016746
-0.43564,8,31.053949
-0.706745,14,31.118017
0.049137,9,31.162378
-0.215737,9,31.204988
-0.424634,10,31.250674
-0.422596,8,31.288774
-0.01,1,31.296992
-0.933835,13,31.354759
-0.38203,17,31.435312
-0.114515,11,31.487872
0.009017,2,31.499013
-0.361355,7,31.530741
0.017735,3,31.545997
0.13836,4,31.565485
0.105897,12,31.624088
0.001307,2,31.634368
0.172827,8,31.673361
-0.351135,4,31.693031
-0.289739,6,31.723196
-0.203483,11,31.77568
0.020303,3,31.790707
-0.45874,5,31.814626
-0.483725,4,31.835176
-0.283402,5,31.859547
-1.3e-05,2,31.869897
-0.77215,29,32.009202
0.158697,8,32.049223
0.01898,3,32.063527
0.018001,9,32.107279
0.008228,2,32.117025
-0.580036,7,32.149935
-0.324958,6,32.177135
-0.01,1,32.183637
0.174463,13,32.245687
0.098935,4,32.266364
0.032703,4,32.285802
0.037275,4,32.306365
-0.01,1,32.311646
-0.214947,30,32.455172
-0.78922,10,32.499715
-0.64393,13,32.561888
0.022316,3,32.577458
0.007406,4,32.598482
0.061361,12,32.656713
-0.595031,2,32.666843
-0.01,1,32.672217
0.080942,3,32.688775
-0.463199,8,32.72533
0.134052,3,32.740216
0.173922,20,32.833957
-0.336934,7,32.869193
-0.789449,11,32.917475
-0.52109,10,32.963656
-0.429376,28,33.095087
0.045211,2,33.107697
-0.269687,31,33.25314
-0.01,1,33.258716
-0.7338,31,33.401656
0.046063,4,33.423126
-0.198706,10,33.469346
-0.546654,5,33.492157
-0.43633,11,33.542082
-0.440201,7,33.578456
-0.01,1,33.58375
-0.030593,7,33.617196
-0.154428,4,33.636588
0.078071,3,33.653469
0.333091,11,33.706233
0.00683,3,33.721716
-0.01,1,33.72721
-0.01,1,33.735484
-0.000486,3,33.750067
0.245366,13,33.812608
-0.467382,5,33.834974
0.038166,4,33.856165
0.01422,2,33.86591
-0.01,1,33.873513
-0.678009,13,33.931456
-0.207135,23,34.041219
-0.351562,5,34.063848
-0.259014,15,34.134484
-0.455616,11,34.186557
0.01955,3,34.203398
0.102098,2,34.214551
0.043341,3,34.228769
-0.564201,14,34.297138
-0.103726,8,34.336174
-0.362985,3,34.350455
0.05876,2,34.360121
0.214163,4,34.379835
-0.01,1,34.387659
-0.50747,34,34.542962
-0.244364,6,34.570012
0.278493,6,34.600345
-0.343841,7,34.635006
-0.531797,3,34.647686
0.116386,7,34.681049
0.065268,5,34.705539
-0.653179,8,34.742702
0.092436,4,34.762281
0.027382,3,34.777368
0.038565,2,34.788208
-0.356438,8,34.828049
0.083043,4,34.84727
0.050648,3,34.861495
-0.179741,6,34.890379
-0.444481,9,34.934504
-0.004239,4,34.953916
-0.506393,10,35.000569
-0.502909,5,35.026397
0.031523,4,35.048554
0.128309,4,35.068728
-0.662604,7,35.099494
-0.24803,11,35.152614
-0.256012,7,35.187848
0.177061,6,35.218936
-0.01,1,35.224381
0.015952,4,35.243712
-0.618199,7,35.277056
-0.697657,11,35.328506
-0.221666,10,35.374987
-0.228994,5,35.398706
-0.282515,12,35.458315
-0.123597,17,35.538459
-0.01,1,35.54528
0.120323,9,35.587584
0.087555,4,35.608734
-0.413991,28,35.739893
0.261942,21,35.838873
0.001014,5,35.862923
0.09871,4,35.883829
-0.390398,10,35.931134
0.096983,14,35.995618
0.215555,10,36.044461
-0.282561,2,36.054765
-0.549055,9,36.098281
-0.014,3,36.112185
-0.594434,20,36.203208
-0.184022,20,36.296908
-0.235917,7,36.329759
-0.305963,10,36.377714
-0.01,1,36.383065
-0.445029,14,36.449224
0.015273,2,36.459827
-0.172939,6,36.487741
-0.078953,12,36.545221
-0.01,1,36.553589
0.10912,7,36.58662
0.161665,4,36.605979
-0.362647,3,36.62043
-0.024647,6,36.651942
-0.300071,4,36.670963
-0.302494,4,36.689439
0.005562,2,36.699341
0.315035,10,36.75096
-0.410283,28,36.882746
-0.214346,3,36.897037
-0.770469,4,36.915965
-0.175856,6,36.948616
0.059617,3,36.965393
0.307461,12,37.025201
-0.01,1,37.030821
-0.468031,9,37.07709
0.08581,5,37.101809
0.034365,17,37.183909
0.255803,17,37.26604
-0.01,1,37.272987
-0.15162,16,37.35014
0.199986,7,37.386992
0.020434,2,37.397075
-0.411606,10,37.453122
-0.064228,16,37.53469
-0.01,1,37.54028
0.00917,2,37.551937
0.103947,5,37.579994
-0.421804,9,37.62433
-0.398898,5,37.647874
0.065738,4,37.668435
-0.124055,11,37.722946
0.066357,2,37.733947
0.046843,3,37.748015
0.038325,3,37.76315
0.052455,4,37.785093
0.000348,6,37.813661
-0.01,1,37.819015
-0.37511,5,37.841633
0.080693,3,37.858484
-0.002088,3,37.87381
-0.277273,5,37.898089
0.048215,4,37.917724
0.006292,2,37.928993
-0.185262,12,37.986029
0.212961,5,38.0114
0.090098,3,38.025052
-0.01,1,38.033132
-0.290833,3,38.046583
-0.617427,14,38.11246
-0.459755,4,38.130452
-0.01,1,38.137338
0.043509,3,38.152637
0.101606,2,38.162232
0.11894,4,38.181931
-0.01,1,38.190969
0.090519,3,38.205563
-0.012,2,38.216599
-0.492238,11,38.2676
-0.022608,15,38.348094
-0.01,1,38.355561
-0.034277,7,38.389675
-0.01,1,38.397819
-0.313878,16,38.474178
-0.01,1,38.479698
0.01872,2,38.489849
-0.617689,3,38.505476
-0.473791,3,38.521542
-0.367245,2,38.530259
0.007073,2,38.541477
0.121059,5,38.56574
0.02586,3,38.58325
0.220331,18,38.668233
0.061569,4,38.687419
-0.785912,20,38.77635
-0.01,1,38.784213
0.14536,6,38.813485
0.078333,4,38.832982
-0.381852,2,38.842912
0.066534,4,38.863969
-0.638894,9,38.904502
0.06047,9,38.947431
-0.303467,4,38.96666
-0.129247,12,39.025223
0.104928,8,39.067174
-0.012,2,39.078985
-0.296405,9,39.122713
0.088619,5,39.148238
0.229114,11,39.201377
-0.01,1,39.206712
0.015719,6,39.237044
0.187449,7,39.270952
-0.01,1,39.277519
-0.01,1,39.282825
-0.098819,33,39.436303
-0.01,1,39.443262
-0.487197,26,39.564555
-0.336079,14,39.628095
-0.108059,7,39.661221
-0.01,1,39.66795
-0.486712,6,39.696092
-0.01,1,39.701371
0.005138,3,39.71683
-0.01,1,39.723636
-0.01,1,39.73001
0.063267,5,39.755426
-0.01,1,39.761215
-0.459912,5,39.786486
0.196654,5,39.810025
-0.429523,7,39.843082
-0.448659,6,39.871351
-0.558988,16,39.950356
0.155075,6,39.97791
-0.393984,3,39.992197
0.021792,5,40.015933
0.04207,2,40.028376
0.082364,2,40.03809
-0.01,1,40.04456
-0.01,1,40.051464
-0.01,1,40.058134
-0.295448,5,40.081116
0.006775,2,40.091836
-0.012,2,40.101213
-0.01,1,40.108044
0.037755,3,40.123985
0.137152,17,40.202784
-0.465259,20,40.296691
-0.01,1,40.304712
0.052838,2,40.314465
-0.759744,10,40.360749
0.097695,5,40.386025
-0.073816,6,40.415535
0.044054,2,40.42648
0.155987,9,40.469959
-0.01,1,40.475148
-0.352362,19,40.564375
-0.01,1,40.569909
-0.373399,5,40.594486
-0.01,1,40.599778
0.035767,2,40.610868
0.108485,4,40.630418
-0.281838,7,40.665762
-0.636003,9,40.705087
-0.623849,11,40.756714
-0.293427,7,40.790431
-0.01,1,40.795773
0.092306,4,40.814706
-0.493396,15,40.884634
-0.110006,8,40.921773
0.005995,2,40.931617
-0.01,1,40.938301
-0.359076,11,40.990785
-0.021694,17,41.075038
0.017673,4,41.095339
-0.532556,2,41.104155
-0.01,1,41.110914
-0.157323,15,41.180911
-0.470069,7,41.213984
-0.114502,9,41.254961
0.125596,22,41.360633
0.114044,6,41.391737
-0.188388,3,41.407052
-0.608743,3,41.421253
0.059897,2,41.432661
0.198889,9,41.475404
-0.383782,10,41.523361
0.050038,4,41.542761
-0.691466,25,41.657836
-0.315243,4,41.676258
-0.133669,6,41.705315
-0.824855,10,41.748915
0.012696,2,41.761275
-0.01,1,41.766613
-0.049901,9,41.809573
-0.273628,11,41.862014
-0.294846,27,41.995766
-0.275316,10,42.042284
0.237263,8,42.079813
0.293942,9,42.122758
0.15447,4,42.143672
0.00712,2,42.154635
-0.211622,10,42.199939
0.074655,5,42.224905
0.199167,8,42.264616
-0.773666,14,42.327759
-0.155555,14,42.39313
-0.01,1,42.399427
-0.175204,9,42.441512
0.114321,7,42.474484
-0.01,1,42.479799
-0.01,1,42.485127
-0.195377,5,42.511937
-0.518662,3,42.525656
0.036971,3,42.542288
-0.202159,13,42.607062
-0.160793,7,42.642754
0.118905,5,42.667259
-0.01,1,42.673838
0.066101,3,42.688208
-0.392326,10,42.73797
-0.393933,7,42.771291
-0.01,1,42.776675
-0.01,1,42.781966
0.127026,19,42.87391
0.243123,10,42.922495
0.043438,3,42.93808
-0.922244,38,43.116417
-0.254133,9,43.160774
-0.220452,12,43.217162
0.177384,25,43.335162
-0.442468,8,43.371902
-0.381288,35,43.539607
-0.298272,7,43.574145
-0.14274,28,43.709036
-0.7877,16,43.78033
-0.01,1,43.787083
-0.537017,21,43.884847
-0.442579,15,43.95556
-0.450319,2,43.964391
-0.622435,10,44.011634
-0.446596,4,44.030496
-0.01,1,44.035819
0.0316,2,44.047727
-0.01,1,44.054706
-0.031049,15,44.124686
-0.401668,17,44.203274
-0.335195,14,44.267862
-0.01,1,44.275812
-0.163335,18,44.359358
0.123046,8,44.398237
-0.208141,31,44.541824
-0.419757,12,44.600099
-0.616614,14,44.664217
-0.162653,9,44.706179
-0.114227,8,44.743618
-0.198932,11,44.794969
-0.213574,9,44.837187
0.109897,4,44.856971
-0.01,1,44.863324
-0.832718,21,44.959593
-0.362399,15,45.030419
-0.249734,11,45.083439
0.033582,2,45.093077
-0.545621,28,45.229941
0.130458,4,45.249589
-0.839762,10,45.296585
-0.013,3,45.310363
0.063922,7,45.345424
0.303364,15,45.418211
-0.204635,18,45.500866
-0.278396,23,45.607158
-0.647338,19,45.697379
-0.01,1,45.702919
0.075186,5,45.727604
0.034845,23,45.836985
-0.217197,7,45.871795
-0.137422,15,45.941868
0.058478,2,45.951629
-0.373207,4,45.970569
0.001232,2,45.982959
-0.856493,48,46.205463
0.034765,4,46.225032
-0.425354,11,46.27428
-0.26726,28,46.406631
-0.088708,5,46.431624
-0.376017,13,46.491191
-0.819472,22,46.591976
0.039089,2,46.60544
0.055101,5,46.629799
-0.01,1,46.635332
-0.17028,10,46.682884
0.03611,2,46.694361
0.122178,3,46.710937
-0.288117,14,46.77652
0.116562,6,46.80564
0.117543,15,46.878277
0.000307,3,46.894232
-0.01,1,46.899536
-0.252172,9,46.942551
-0.267848,8,46.983563
-0.01,1,46.989338
0.045728,2,47.000734
-0.51417,24,47.121963
-0.653753,32,47.269284
-0.226877,11,47.321977
-0.397887,26,47.452374
-0.517751,19,47.547818
-0.239167,22,47.654281
0.041878,2,47.665219
-0.441149,12,47.720852
0.036614,2,47.731962
0.124293,4,47.754369
-0.614513,18,47.840809
0.376449,9,47.883553
0.291168,26,48.006566
-0.118521,9,48.051523
-0.01,1,48.057134
-0.206513,12,48.114035
-0.290712,9,48.156835
-0.354627,56,48.430167
-0.351356,5,48.45647
-0.235394,12,48.513645
-0.561077,25,48.631704
-0.324802,3,48.647649
-0.338198,8,48.68601
0.333045,11,48.737084
-0.01,1,48.743463
-0.300316,4,48.765137
-0.01,1,48.770468
0.001686,2,48.779845
0.260287,16,48.854636
0.285497,6,48.887403
-0.01,1,48.892658
0.115868,4,48.91196
0.134966,5,48.935383
0.009644,3,48.952252
0.088967,3,48.967518
-0.01,1,48.973707
-0.434983,21,49.069238
-0.216313,7,49.104596
-0.038054,9,49.147381
0.130626,5,49.175187
-0.281569,16,49.248945
0.127846,5,49.274079
0.226298,13,49.335763
0.149705,34,49.4953
-0.025525,15,49.564062
-0.133378,20,49.659764
0.034096,3,49.675114
-0.335243,11,49.726603
-0.950052,36,49.894622
0.290453,7,49.931173
0.039304,2,49.94087
-0.358376,5,49.963959
-0.481994,6,49.992611
-0.141328,13,50.054451
0.09011,3,50.069846
0.333014,6,50.097806
-0.248249,4,50.11749
0.294536,4,50.138797
-0.328973,5,50.16291
-0.295336,8,50.199523
-0.01,1,50.204874
-0.205033,8,50.245564
0.003192,3,50.261034
-0.699837,29,50.393426
-0.45425,4,50.412163
-0.604672,16,50.487775
-0.546105,25,50.601535
-0.483878,4,50.620211
0.021204,2,50.632063
0.019319,3,50.647846
-0.174404,16,50.722943
0.084943,9,50.767538
-0.674994,17,50.845964
0.039968,2,50.856833
-0.323524,14,50.921194
-0.463734,28,51.051636
-0.316769,4,51.070334
-0.161179,16,51.148794
-0.01,1,51.154624
0.042651,3,51.171482
-0.187892,15,51.242428
0.330224,7,51.276762
0.194739,12,51.332235
0.122152,6,51.362623
-0.43466,4,51.381662
-0.283546,7,51.419235
-0.207755,11,51.473347
-0.159479,12,51.529543
-0.545758,12,51.58538
-0.205286,11,51.637426
0.026345,2,51.649487
0.01935,2,51.659345
-0.365012,4,51.67759
-0.371235,6,51.707966
-0.01,1,51.713255
0.107575,5,51.736441
0.015142,2,51.747524
-0.575357,12,51.805177
0.172893,7,51.837719
0.044629,2,51.849864
0.041237,4,51.873856
0.016831,4,51.896556
-0.415101,5,51.920624
-0.333677,7,51.954911
0.219426,8,51.995552
-0.289855,6,52.024673
0.070402,4,52.044447
-0.054597,15,52.117893
0.016933,3,52.132837
0.126067,8,52.174059
0.387757,4,52.194183
0.195016,6,52.223286
0.168056,4,52.242759
-0.415475,13,52.304951
-0.110291,8,52.342402
0.300017,6,52.372136
0.152458,6,52.402589
0.106357,13,52.464239
0.021473,2,52.475079
-0.093141,25,52.594464
-0.01,1,52.600132
0.193988,9,52.645391
0.034595,7,52.680998
-0.333518,9,52.722413
-0.01,1,52.727822
-0.242113,4,52.748013
-0.343238,17,52.827606
-0.571788,17,52.908623
-0.695608,38,53.08388
-0.003437,19,53.177367
-0.01,1,53.182873
-0.338493,16,53.258831
-0.262703,14,53.325476
0.023578,30,53.469013
-0.428344,9,53.513417
0.078873,3,53.527417
-0.401812,12,53.582046
-0.311406,5,53.609114
-0.352287,17,53.687636
0.131795,6,53.71659
-0.01,1,53.723203
-0.402904,17,53.801939
-0.242512,20,53.895442
-0.01,1,53.900773
0.061106,2,53.911594
-0.217725,16,53.988371
-0.01,1,53.993738
-0.404363,7,54.028217
0.280725,13,54.0901
-0.18804,10,54.137053
0.015121,4,54.157269
0.052654,2,54.168511
0.068219,4,54.188354
0.129509,6,54.219235
0.025528,12,54.279221
-0.01,1,54.285879
0.291469,11,54.339168
-0.00997,51,54.581336
-0.365011,4,54.60026
-0.788983,67,54.907941
0.123168,3,54.923146
-0.22268,36,55.094363
0.057843,8,55.131675
0.036975,3,55.145582
0.203283,6,55.177747
-0.01,1,55.185105
0.068967,8,55.226008
-0.155037,5,55.249163
0.183106,9,55.294342
0.182796,10,55.342835
0.058778,3,55.359144
0.241377,11,55.410954
0.07538,2,55.420668
0.107162,4,55.442045
0.183793,9,55.486728
-0.176234,24,55.602028
0.066908,2,55.6135
-0.202764,8,55.655504
-0.012,2,55.666754
-0.289787,38,55.848932
0.062748,5,55.874631
0.066919,4,55.896292
-0.371138,32,56.04666
-0.854681,15,56.116046
0.08028,10,56.162753
-0.600801,18,56.247197
-0.328496,7,56.282514
0.009042,2,56.292429
-0.01,1,56.297714
-0.43869,7,56.332082
-0.569326,26,56.454257
-0.01,1,56.459783
-0.046403,10,56.507523
-0.348063,3,56.523478
0.113372,5,56.547303
-0.437031,4,56.565135
0.101786,3,56.580365
0.100619,5,56.606832
-0.278589,12,56.66271
0.080286,4,56.682218
0.363832,20,56.776901
0.311301,9,56.823589
0.020893,4,56.84298
0.201009,5,56.868277
-0.01,1,56.873797
0.042857,5,56.901751
0.202726,2,56.913635
-0.226475,16,56.99227
0.102282,4,57.011837
0.093304,5,57.036932
-0.506879,16,57.111678
-0.31683,14,57.178073
0.205558,9,57.224885
0.046468,4,57.246778
-0.496297,31,57.392873
-0.211615,22,57.504928
-0.424269,2,57.515342
-0.179892,25,57.641891
0.218311,5,57.666531
-0.01,1,57.671955
0.129079,5,57.696372
-0.240743,5,57.722604
-0.324965,4,57.741692
-0.297187,48,57.958031
0.042481,16,58.034751
-0.470879,10,58.083004
-0.137372,4,58.101888
-0.540458,23,58.209105
-0.172334,8,58.247719
0.090302,4,58.269294
0.202749,9,58.316575
-0.568143,6,58.34922
-0.584005,16,58.424475
-0.01,1,58.432186
0.049975,3,58.447754
-0.01,1,58.453258
-0.01,1,58.458559
-0.012536,18,58.545207
-0.0837,35,58.710608
-0.076828,11,58.762054
0.039411,3,58.777157
0.084399,4,58.797608
-0.229314,12,58.855468
0.066153,3,58.871279
-0.208972,30,59.011441
-0.097326,13,59.075737
-0.401562,18,59.160067
0.060919,7,59.195489
-0.212477,18,59.282458
0.051381,2,59.295265
-0.501459,17,59.37456
-0.356051,10,59.422019
-0.070806,8,59.460627
-0.322157,6,59.489618
0.07,3,59.504759
-0.207797,4,59.523549
-0.614633,8,59.560026
-0.01,1,59.567667
0.031724,2,59.578849
0.181977,3,59.592518
-0.326649,39,59.772817
-0.322644,6,59.803372
0.276603,12,59.860324
-0.927472,61,60.142564
0.174577,13,60.204483
0.142319,12,60.264657
-0.406486,7,60.29942
0.009713,3,60.314173
-0.01,1,60.31955
-0.143344,12,60.378112
0.051252,6,60.408362
-0.370555,9,60.452397
-0.147769,12,60.508857
-0.328164,11,60.55982
-0.444136,6,60.588835
0.190706,11,60.642571
0.212094,13,60.705002
0.040576,14,60.773143
0.122645,6,60.803884
-0.352095,15,60.873997
-0.221321,26,60.992252
0.284439,11,61.047412
0.241582,23,61.180148
-0.390499,12,61.238111
0.174803,6,61.268166
0.082014,9,61.313359
0.140077,16,61.387227
0.11486,5,61.413207
-0.01,1,61.418569
0.032278,3,61.435136
-0.779138,14,61.496215
0.068455,15,61.568546
-0.038249,19,61.656412
0.212986,8,61.695663
-0.198724,27,61.820583
-0.174035,32,61.975447
0.011832,2,61.986529
-0.44265,40,62.180489
0.038091,13,62.243189
-0.091459,29,62.378403
-0.521686,4,62.396927
0.158612,6,62.428288
-0.862078,13,62.488014
-0.497553,5,62.510031
0.010271,2,62.521289
0.068409,3,62.539869
-0.285097,6,62.569645
-0.381612,80,62.945988
0.033713,3,62.962497
-0.488085,32,63.112494
-0.01,1,63.117826
0.175742,6,63.147503
-0.321701,10,63.194986
-0.231402,13,63.260643
0.098678,18,63.349319
0.210943,23,63.458669
-0.01,1,63.463956
-0.144421,15,63.535675
0.065531,5,63.560363
-0.810412,20,63.656358
0.000553,2,63.666012
-0.346466,32,63.819926
-0.350453,39,64.014535
0.006285,4,64.034745
-0.387138,57,64.304214
0.044173,2,64.316734
-0.01,1,64.322015
-0.088191,11,64.373307
-0.01,1,64.378612
-0.198304,8,64.419484
-0.01,1,64.424931
-0.01,1,64.431517
-0.124484,14,64.495815
0.028963,18,64.581754
0.299406,25,64.709222
0.179145,8,64.750477
0.225993,10,64.798185
-0.126879,13,64.862295
-0.436556,25,64.979952
-0.360372,12,65.036799
0.059932,3,65.052409
-0.263583,10,65.09938
0.108917,18,65.185463
-0.469004,5,65.208579
-0.600436,8,65.249794
-0.292732,13,65.313837
-0.082982,16,65.390448
-0.023076,33,65.544432
0.022513,15,65.61418
-0.002433,3,65.632015
-0.450116,30,65.770114
0.136084,13,65.833395
-0.13442,17,65.912239
-0.102279,6,65.942392
-0.799613,58,66.213542
0.035434,2,66.223376
-0.187987,3,66.237908
-0.319618,14,66.305674
-0.088171,18,66.390241
-0.704835,50,66.624155
-0.169815,28,66.756943
-0.01,1,66.763966
0.249076,9,66.807343
-0.159949,35,66.98101
-0.302853,5,67.004528
0.002236,2,67.017266
-0.01,1,67.022577
-0.029389,19,67.114167
0.14073,2,67.123907
-0.01,1,67.130673
0.154414,5,67.155714
-0.606474,15,67.22686
-0.494292,35,67.39922
0.013781,4,67.422155
-0.302612,27,67.558025
-6.4e-05,2,67.568336
-0.037458,13,67.634415
-0.013594,27,67.763477
-0.01,1,67.770086
0.241861,12,67.827785
-0.503281,26,67.947048
-0.315319,8,67.986466
-0.293677,14,68.052288
0.261409,12,68.110335
-0.01,1,68.115613
-0.01,1,68.122339
0.196987,6,68.152025
0.013494,3,68.166255
-0.741372,18,68.250543
-0.332298,21,68.358526
0.134704,35,68.52836
0.041802,45,68.740349
-0.501444,59,69.01922
-0.675917,12,69.076968
0.184048,17,69.158146
-0.01,1,69.163631
-0.009097,49,69.398068
-0.01,1,69.40508
-0.094457,17,69.487404
0.142027,7,69.522388
0.031319,11,69.573814
0.202443,25,69.693663
0.041266,19,69.78448
0.071936,7,69.818271
-0.366344,8,69.857458
-0.154665,25,69.979651
0.024626,7,70.011985
0.291973,14,70.080158
0.205324,23,70.188411
0.210713,31,70.341371
0.175627,18,70.428155
-0.002284,36,70.597594
-0.322363,10,70.64608
0.222383,9,70.692339
0.035213,2,70.701815
-0.178615,36,70.870612
-0.796931,30,71.010933
0.371832,18,71.103393
0.163481,17,71.186881
0.30442,15,71.261032
0.00028,2,71.272176
-0.34335,7,71.307519
0.219507,9,71.353307
0.059806,7,71.387726
-0.769475,61,71.673619
0.050705,14,71.741633
0.207839,7,71.77668
-0.302704,12,71.83255
0.1238,44,72.045226
-0.509793,2,72.055819
-0.458698,29,72.196525
0.096584,10,72.244356
-0.376851,31,72.391454
0.012397,27,72.522093
-0.262397,40,72.715317
0.106889,5,72.739738
-0.848403,91,73.170259
0.005436,26,73.295083
0.171338,5,73.32253
0.306374,7,73.359563
0.229302,24,73.477554
-0.510196,16,73.554446
0.01313,6,73.58411
-0.106717,9,73.627859
-0.21892,9,73.671729
-0.01,1,73.678399
0.196961,56,73.941746
0.145498,6,73.970887
0.054321,6,73.999102
0.116631,16,74.07805
0.125081,8,74.11664
0.23267,12,74.175071
-0.1189,9,74.218377
0.046109,7,74.252785
0.045797,6,74.282785
-0.104277,27,74.409278
-0.099494,19,74.496473
-0.607758,26,74.619076
-0.063378,100,75.090169
0.044166,48,75.320421
-0.859633,45,75.536559
-0.560842,4,75.556692
0.019796,3,75.572353
-0.243191,63,75.867217
-0.350154,46,76.080851
-0.507276,5,76.105124
-0.045595,23,76.214453
0.309194,21,76.313318
0.284315,12,76.369782
-0.253745,31,76.515616
0.383249,18,76.601426
0.003178,24,76.715569
-0.148065,24,76.828717
0.148024,29,76.978332
-0.204484,96,77.444252
-0.416559,24,77.566291
0.198706,19,77.658489
-0.65303,22,77.762111
-0.302235,100,78.238649
-0.407614,20,78.338182
0.179907,41,78.539857
0.205703,13,78.604501
0.020364,3,78.618907
0.262296,24,78.73542
0.145249,4,78.756783
0.047688,17,78.843218
0.178725,6,78.872349
-0.229136,28,79.005945
-0.003363,5,79.030701
-0.019825,41,79.231981
0.041128,46,79.454845
-0.016149,39,79.64103
0.061205,4,79.661025
0.022157,29,79.799636
-0.15975,20,79.896631
0.323644,38,80.078352
-0.215485,37,80.253111
0.310229,79,80.628966
-0.216053,11,80.680978
0.151125,55,80.940986
-0.011195,35,81.10843
0.14604,4,81.129895
-0.383541,100,81.610384
0.023792,55,81.873271
0.022433,2,81.88385
0.003846,3,81.902629
-0.288775,26,82.029649
-0.01,1,82.03629
0.332823,23,82.143837
-0.743262,6,82.173765
-0.104065,23,82.283973
0.049134,5,82.308732
0.467575,5,82.334739
0.28064,24,82.452382
-0.824725,41,82.651478
-0.330443,31,82.799067
-0.150627,26,82.920659
-0.162168,27,83.051053
0.365369,15,83.122888
0.296895,11,83.178868
0.145376,34,83.341931
-0.335754,31,83.495078
-0.243044,100,83.972243
0.11629,11,84.024833
0.072926,2,84.034459
-0.173851,32,84.18934
0.176862,37,84.365486
-0.091408,13,84.425067
-0.130382,94,84.867743
0.096086,40,85.056234
-0.324798,4,85.074741
0.138702,4,85.09545
-0.713951,69,85.422702
-0.083157,68,85.745397
-0.120326,34,85.903935
-0.508348,46,86.122227
0.409478,20,86.219107
0.463982,16,86.297975
-0.483829,2,86.308181
-0.070941,33,86.465497
-0.058083,83,86.859504
0.184227,61,87.15767
0.170216,9,87.201442
-0.502389,48,87.438318
0.041521,19,87.535288
-0.002637,73,87.890106
0.320182,15,87.962051
-0.357202,53,88.212407
0.031122,90,88.657707
0.090584,62,88.958227
0.130904,14,89.024747
0.090808,2,89.035845
0.302628,29,89.172809
0.159267,10,89.223919
0.237958,9,89.267487
0.260786,78,89.641175
-0.755736,50,89.877202
0.038496,100,90.364101
0.035145,2,90.373913
-0.713626,67,90.687423
0.286114,16,90.765142
-0.004734,14,90.832912
0.118286,4,90.852384
0.477759,20,90.94933
0.215442,4,90.969006
0.114824,73,91.316345
0.057081,32,91.475121
0.196496,22,91.58548
0.031202,74,91.945046
0.078719,85,92.360251
0.212,22,92.46594
0.150294,15,92.542339
0.223786,33,92.704399
-0.081084,100,93.211439
-0.080978,63,93.514757
-0.133846,26,93.644725
0.172391,63,93.944783
0.379026,11,94.000184
0.200261,21,94.100029
0.068221,49,94.337084
0.433125,28,94.473014
0.244507,18,94.562769
-0.353623,100,95.038461
0.148691,35,95.206094
-0.25936,100,95.689467
0.473824,19,95.781359
0.304706,25,95.89957
0.119203,5,95.923732
0.027488,6,95.955345
0.01931,100,96.43224
0.07915,6,96.4625
0.171672,27,96.593384
-1.489131,100,97.071493
0.095289,4,97.093345
0.357781,13,97.156139
0.281385,39,97.344548
0.080042,47,97.593635
0.09093,22,97.703851
-0.386746,100,98.178797
0.262633,32,98.351696
-0.064152,100,98.833654
0.224251,29,98.978375
0.318315,31,99.128782
0.124792,59,99.407731
-0.014284,69,99.750304
-0.261334,100,100.226357
0.145297,67,100.541339
0.111809,70,100.873788
0.024866,58,101.147828
0.205008,49,101.381099
0.237478,70,101.71699
-0.215223,100,102.201127
-0.314724,100,102.676483
0.020447,48,102.902727
-0.246089,60,103.18457
-0.166737,100,103.663446
0.294665,26,103.785767
-0.360253,80,104.161469
0.244059,41,104.353919
-0.143327,100,104.821886
-0.646436,100,105.299025
-0.579903,100,105.785148
-0.218523,100,106.253557
0.365264,55,106.517431
-0.18338,100,107.003063
-0.448843,100,107.497639
0.148962,19,107.597192
-0.009083,39,107.784136
0.018276,100,108.313025
0.261598,17,108.403005
0.216133,65,108.716078
-0.200139,100,109.191772
-0.149434,100,109.676104
-0.421008,100,110.15888
-0.229155,72,110.503512
0.441114,42,110.704612
-0.07167,100,111.18938
0.176835,50,111.437219
0.320503,15,111.511086
0.254702,87,111.936946
-0.052706,100,112.422306
0.297779,59,112.712101
-0.656602,100,113.187055
-0.101229,100,113.685077
0.123428,48,113.915785
0.109133,51,114.162395
0.00777,29,114.300987
0.143181,70,114.641356
0.34723,32,114.795149
-0.040153,53,115.045905
0.046191,20,115.14259
0.058754,90,115.581182
-0.202549,100,116.069046
0.424747,15,116.142076
0.015523,100,116.61909
0.296325,41,116.820139
-0.010642,100,117.314378
-0.013429,100,117.823642
-0.316128,100,118.298501
0.458287,15,118.376068
-0.027006,100,118.863925
0.032984,16,118.945491
0.12822,100,119.431428
0.337525,8,119.469854
-0.13562,100,119.951155
-0.186472,100,120.43241
-0.082211,100,120.911681
-0.069522,100,121.388608
-0.14992,100,121.86889
-0.287242,100,122.349084
0.372193,69,122.68929
0.260696,6,122.717845
-0.199154,20,122.812619
-0.327732,100,123.292187
0.269562,88,123.714059
-0.082774,12,123.774077
0.171466,18,123.862516
-0.213346,86,124.267028
0.376732,40,124.45893
-0.019905,100,124.939091
-0.028793,100,125.416278
0.123642,6,125.448765
-0.237302,100,125.920663
-0.080756,48,126.148648
-0.005267,69,126.472632
0.248442,52,126.730954
0.009883,45,126.950356
0.146756,22,127.058928
-0.128188,100,127.551946
-0.233047,100,128.035534
0.278003,27,128.165074
0.31609,20,128.262214
-0.11793,100,128.743921
0.059853,98,129.2094
0.194523,26,129.33171
0.132861,100,129.810494
0.551671,29,129.956486
0.305235,7,129.991932
0.268534,69,130.318134
0.194813,66,130.628325
-0.215605,85,131.029934
0.075468,91,131.466991
0.241164,91,131.910438
0.051414,44,132.134796
0.120246,100,132.615596
0.521516,34,132.777913
-0.331958,100,133.245667
-0.218826,100,133.740417
0.086266,14,133.812152
-0.01,1,133.819385
-0.073305,64,134.124324
-0.371331,100,134.603776
0.093666,36,134.774958
0.2042,24,134.891015
0.063979,42,135.096202
-0.083787,100,135.576811
0.492192,52,135.832064
-0.074671,40,136.027177
0.239003,87,136.446324
0.188137,20,136.544002
0.12716,6,136.574245
0.435364,33,136.742917
0.203326,42,136.953215
-0.192287,100,137.432495
-0.088503,100,137.942787
0.315533,32,138.098892
0.099257,9,138.142632
0.061694,3,138.158097
-0.220324,100,138.65514
0.105094,4,138.678233
-0.140194,84,139.07881
0.215632,27,139.210966
0.062364,5,139.237077
0.361909,36,139.414157
0.097417,3,139.428144
0.372816,43,139.63396
0.143911,56,139.905643
0.200788,5,139.931922
0.241358,34,140.095381
0.234433,37,140.27295
-0.213461,38,140.455546
0.061491,45,140.672852
-0.201069,100,141.145604
-0.024102,23,141.257525
0.1558,68,141.583137
-0.246896,100,142.069852
-0.302923,30,142.211779
0.2137,28,142.345876
0.127134,97,142.811103
-0.142906,100,143.297654
-0.018295,92,143.740133
0.104671,34,143.907492
0.413093,12,143.969998
0.127475,91,144.404732
-0.367738,100,144.877323
0.356092,66,145.193933
-0.15744,100,145.673949
-0.225782,100,146.150316
-1.048746,100,146.624437
0.232354,62,146.924567
-0.096326,96,147.389951
-0.072429,100,147.892917
0.056867,2,147.903173
-0.446818,100,148.395725
0.190168,35,148.568266
-0.01,1,148.57526
0.0344,49,148.810079
0.055676,55,149.070961
0.428107,54,149.329758
0.047729,100,149.801627
0.263589,50,150.041205
0.224463,82,150.427824
0.177077,25,150.543636
0.032981,53,150.792732
0.057586,100,151.261728
0.247197,38,151.442839
-0.364186,100,151.917201
0.202886,10,151.971099
0.034625,2,151.983109
0.197129,5,152.008246
-0.125901,100,152.491624
-0.495243,100,152.975263
-0.131265,100,153.452986
-0.166325,100,153.92857
0.349261,70,154.263672
0.20437,26,154.389384
0.14722,25,154.507631
0.05748,37,154.68704
0.147168,92,155.140398
-0.249045,100,155.621992
0.21964,23,155.736919
-0.182198,74,156.090873
0.253242,65,156.399881
-0.09087,100,156.886309
-0.275806,100,157.364069
0.133507,89,157.802652
-0.077737,85,158.2048
0.350152,15,158.278872
-0.827573,100,158.762072
0.043561,4,158.781464
0.292431,14,158.848764
-0.102217,41,159.045625
0.055994,8,159.088491
0.124628,59,159.386122
-0.144314,100,159.85981
0.219634,51,160.111886
-0.01,1,160.118212
0.070571,4,160.137992
-0.219515,100,160.611315
-0.007945,100,161.089829
-0.437206,100,161.568118
-0.385117,100,162.049999
0.222045,19,162.14216
-0.178074,100,162.63824
0.02812,85,163.045964
-0.161721,100,163.523145
0.019936,56,163.799553
0.152875,65,164.118123
-0.050291,100,164.595163
0.054224,23,164.706631
-0.276615,100,165.180069
0.21159,8,165.220674
0.140063,4,165.240555
0.020163,100,165.727474
0.172209,42,165.927796
-0.104602,100,166.405086
-0.240995,85,166.811922
0.031923,89,167.240004
-0.207658,99,167.742809
-0.03883,100,168.229487
-0.092475,100,168.721541
0.142985,100,169.21691
0.05577,13,169.284738
-0.112261,23,169.398748
-0.094124,100,169.884082
0.07744,100,170.372025
0.278236,11,170.428444
-0.028682,100,170.905311
0.05919,52,171.155294
-0.2014,61,171.443983
-0.01,1,171.450877
0.195161,49,171.691872
-0.120617,100,172.18248
0.046003,13,172.247154
0.292552,46,172.478901
0.078957,24,172.605042
0.205237,14,172.67887
0.172557,60,172.97025
0.337908,62,173.27359
-0.109749,100,173.768851
0.07887,68,174.093911
-0.131092,100,174.583357
0.073093,89,175.003887
-0.161136,24,175.117772
0.376932,51,175.36499
0.008384,100,175.851613
-0.22178,100,176.337004
-0.139466,100,176.830717
0.155613,21,176.934522
0.331506,46,177.15478
0.504774,63,177.479262
0.338359,51,177.740675
0.286107,56,178.005377
0.211194,7,178.040055
-0.363656,100,178.5319
-0.442608,100,179.030092
-0.078685,100,179.505184
-0.17385,100,179.975075
-0.208605,100,180.448414
0.224492,11,180.502474
-0.160156,100,180.97425
-0.185643,100,181.442226
0.058497,54,181.699215
-0.19237,100,182.178442
-0.089228,100,182.66849
0.44041,36,182.842181
0.157728,38,183.024418
0.283495,47,183.252619
0.171467,55,183.514354
-0.199541,100,183.998779
0.395329,24,184.113269
0.063087,5,184.139619
0.243001,81,184.532678
0.211038,55,184.804983
0.020809,68,185.129767
0.096864,14,185.201422
0.027691,100,185.688082
0.077659,97,186.152915
-0.123675,75,186.516527
-0.01,1,186.523618
-0.003385,61,186.811183
0.216657,46,187.037898
-0.281219,100,187.536381
0.005748,29,187.680236
-0.144811,100,188.162926
0.045338,72,188.512883
0.352399,23,188.625546
-0.119154,100,189.10015
-0.131394,40,189.292761
0.215636,66,189.604
-0.018102,26,189.726506
0.242008,26,189.851302
0.052295,7,189.886294
-0.209311,100,190.365896
-0.090699,100,190.837018
-0.40262,100,191.318185
0.054995,5,191.343006
-0.177648,75,191.699728
-0.015577,100,192.187961
0.242427,42,192.394811
-0.183276,100,192.880976
0.157573,62,193.181066
0.256725,96,193.656362
-0.077119,100,194.138648
0.081132,27,194.268009
-0.077781,100,194.749663
-0.085779,100,195.224579
0.372398,53,195.483319
0.190066,16,195.565325
0.228346,16,195.645551
-0.14715,100,196.125988
0.064963,83,196.528858
0.103,59,196.813633
-0.129536,100,197.30399
-0.01,1,197.310652
0.07559,40,197.515503
-0.048976,100,197.994326
0.373814,40,198.189244
0.242684,3,198.204624
0.190004,51,198.460963
0.039044,100,198.946207
-0.193852,100,199.43352
-0.440782,100,199.914318
-0.267004,100,200.401121
-0.236977,100,200.878413
-0.288198,11,200.930243
-0.361355,100,201.414427
-0.273538,100,201.89919
0.241252,84,202.305166
-0.021806,100,202.809467
-0.028815,19,202.914404
-0.90127,100,203.385209
0.158629,17,203.465975
0.234227,67,203.784369
0.145612,48,204.010153
-0.661515,100,204.486674
-0.154123,100,204.959839
-0.240751,98,205.426654
0.384822,45,205.648751
0.008905,3,205.667524
0.110799,14,205.734394
0.034842,33,205.888905
0.018615,100,206.359933
-0.524083,100,206.846478
0.092417,100,207.33203
-0.082466,100,207.82703
-0.230953,100,208.305527
-0.13327,100,208.802561
-0.213844,12,208.860854
-0.036734,100,209.346424
0.350355,55,209.608512
-0.097419,100,210.089101
0.061394,100,210.565981
0.129423,56,210.833513
0.224909,11,210.884616
0.242764,31,211.034364
-0.150024,100,211.507937
-0.119523,100,211.987028
-0.152548,100,212.473859
0.110514,94,212.936357
-0.423324,100,213.411281
0.140108,10,213.460498
0.074411,4,213.480316
-0.186755,100,213.963264
-0.038982,100,214.443462
0.226249,42,214.647709
0.187809,35,214.816653
-0.341963,100,215.290589
0.262633,16,215.367669
-0.391237,100,215.846471
0.09457,14,215.913603
0.292582,50,216.15277
0.406901,40,216.341128
-0.166319,100,216.820585
-0.001396,100,217.299684
-0.159997,100,217.800483
0.119931,53,218.054126
-0.068039,100,218.551535
-1.079788,100,219.031971
0.365874,69,219.384676
-0.057366,100,219.864799
0.063163,5,219.888839
0.415453,17,219.970423
0.083965,100,220.455894
0.140113,68,220.794062
0.406897,38,220.978668
-0.01,1,220.984053
-0.015651,41,221.181991
0.09036,17,221.263995
0.042732,100,221.738757
0.294928,41,221.939404
0.319103,45,222.16078
-0.471203,100,222.649467
0.106188,100,223.129488
-0.047746,100,223.612436
-0.00283,100,224.107131
0.151419,55,224.374374
0.044764,50,224.613376
-0.100042,59,224.892821
0.02747,6,224.924651
-0.151917,100,225.398823
0.369902,44,225.614392
-0.005849,78,225.985103
-0.01,1,225.991786
-0.320399,100,226.471686
-0.349026,100,226.971115
0.276877,7,227.007328
0.028057,71,227.349323
0.033349,69,227.69627
-0.134263,100,228.175309
-0.05429,100,228.674463
0.129426,20,228.771916
0.025577,100,229.258841
0.290163,89,229.696411
0.008915,63,230.002357
-0.149317,100,230.486108
-0.07212,100,230.969767
-0.2703,100,231.452219
-0.019138,100,231.938486
0.27882,48,232.178018
0.269074,9,232.223461
-0.193885,100,232.716823
0.101305,30,232.865021
-0.29223,100,233.354022
0.138693,25,233.476542
0.149814,54,233.743429
-0.473343,100,234.229469
0.273644,26,234.357847
0.081877,58,234.639034
-0.532452,100,235.114556
-0.041005,100,235.585872
0.318622,64,235.90187
0.128859,91,236.341987
0.269042,15,236.414244
0.144206,6,236.445609
-0.635916,100,236.93532
0.064246,100,237.419055
-0.188143,67,237.751513
-0.030473,100,238.222283
0.21143,56,238.500515
0.224821,28,238.640959
-0.08798,100,239.12549
0.078475,56,239.39514
0.312408,27,239.523827
0.00366,100,240.006751
0.316231,18,240.093306
0.132011,53,240.349361
0.071804,100,240.840364
-0.049696,100,241.316192
0.408981,7,241.352324
0.151327,49,241.583745
-0.0211,100,242.067599
0.095528,100,242.543849
0.017857,2,242.553741
-0.171295,84,242.961932
-0.110117,100,243.443264
-0.062447,85,243.856973
0.095849,8,243.895208
0.179718,50,244.133937
-0.081346,100,244.607627
-0.006505,100,245.091603
0.090228,9,245.135676
-0.08474,100,245.606518
-0.406675,100,246.07847
0.270697,29,246.216527
-0.31099,100,246.691796
0.386146,46,246.919554
-0.243629,100,247.403986
0.2801,33,247.578606
-0.22766,100,248.051386
0.140597,57,248.332321
0.315135,27,248.467909
0.229755,97,248.975678
0.069826,89,249.402606
0.276418,10,249.450701
-0.145465,100,249.928498
0.039627,92,250.364527
-0.466168,93,250.816113
0.082659,14,250.884565
0.052028,36,251.064327
0.398417,43,251.270412
0.037835,30,251.416548
-0.281572,100,251.895037
-0.182173,81,252.281824
-0.048607,38,252.462732
-0.013066,15,252.535526
0.049873,53,252.793759
0.323831,44,253.006437
-0.154933,55,253.270675
0.374796,23,253.387681
0.252942,60,253.678216
0.147145,45,253.89632
-0.294486,100,254.371242
-0.502332,100,254.848934
0.236887,51,255.093146
-0.150977,100,255.568248
0.279522,46,255.794888
-0.381974,100,256.272445
-0.275319,100,256.750495
0.016303,93,257.201245
-0.018099,100,257.701004
-0.01,1,257.707549
0.425566,24,257.824705
-0.041668,65,258.135021
0.293251,40,258.330166
-0.249933,18,258.419576
-0.067297,100,258.90422
-0.10715,100,259.390961
0.117852,16,259.469936
-0.004963,100,259.9525
0.061006,59,260.22945
-0.424923,100,260.698683
-0.085785,100,261.179184
0.085312,35,261.350752
0.264514,49,261.584474
-0.204714,39,261.768958
0.045208,22,261.877654
0.257475,90,262.318635
0.115136,4,262.338317
0.202239,10,262.389346
0.064618,7,262.423682
0.036287,48,262.655989
0.045172,100,263.141121
-0.458172,60,263.434188
0.084843,10,263.485
-0.048504,37,263.66151
0.406157,58,263.940612
0.092219,13,264.013004
0.104962,13,264.076557
0.329557,15,264.152035
0.554007,22,264.259015
-0.118194,26,264.38764
-0.145743,100,264.865313
0.315203,43,265.071375
-0.225356,100,265.551393
0.217772,71,265.901385
0.374517,42,266.104179
0.102013,16,266.18202
0.112404,19,266.273069
0.396005,40,266.471818
-0.015959,100,266.952969
0.233506,43,267.161089
-0.045302,100,267.66035
0.166843,53,267.914307
0.21451,26,268.039856
0.124926,36,268.211959
0.366396,39,268.41261
-0.123593,100,268.908252
0.063037,42,269.106542
-0.180859,100,269.59089
-0.420508,19,269.679435
-0.01,1,269.6862
0.161679,29,269.826141
-0.161026,98,270.292196
-0.165358,100,270.774167
0.169216,11,270.829995
-0.101224,100,271.309406
0.124665,99,271.779843
0.03852,71,272.124533
0.084005,9,272.170576
0.421261,39,272.356397
0.287754,68,272.684964
-0.05652,47,272.91357
-0.423968,100,273.39426
0.09709,9,273.438414
0.091931,49,273.672159
0.158064,33,273.836029
0.484199,41,274.036516
-0.131872,100,274.513612
-0.032492,100,274.996493
-0.09933,61,275.282731
0.027286,33,275.439722
0.150398,73,275.794766
0.007424,84,276.199461
0.291541,63,276.501091
0.330928,100,277.000281
-0.034007,100,277.494406
-0.02679,100,277.981997
0.43971,59,278.269122
-0.390329,100,278.760675
0.263245,72,279.104179
-0.192111,100,279.583706
-0.173439,100,280.05494
0.083881,35,280.222358
-0.049547,100,280.701828
0.100302,7,280.736408
0.429856,38,280.916982
0.024176,21,281.021062
0.117875,11,281.076519
-0.192819,60,281.357119
0.099294,63,281.654912
0.076313,100,282.139432
-0.127629,25,282.259635
-0.404514,100,282.742664
-0.014854,100,283.230548
-0.02105,100,283.725559
-0.442421,100,284.215919
-0.185434,100,284.709864
0.033491,81,285.09887
0.115388,29,285.23946
-0.084985,100,285.717931
-0.334181,100,286.19892
0.374912,61,286.488716
0.414948,17,286.572311
0.298893,21,286.675581
0.108718,93,287.135808
0.242897,80,287.5385
-0.069147,68,287.870966
-0.180186,50,288.113297
0.508887,46,288.348694
0.203843,12,288.409646
-0.097755,100,288.892463
0.246398,68,289.221534
-0.652626,67,289.538984
0.56199,25,289.665006
0.233177,48,289.897236
0.138774,58,290.176394
0.115611,90,290.599682
0.082953,69,290.92756
0.109072,8,290.969007
-0.019172,67,291.291713
-0.057194,100,291.780675
0.299503,78,292.158662
0.141753,87,292.583695
0.543533,30,292.730773
-0.214393,100,293.209944
0.20927,68,293.540668
0.15209,46,293.768013
-0.000958,100,294.25131
0.03066,60,294.545437
0.00435,86,294.953292
-0.038198,100,295.445352
-0.342469,100,295.947055
-0.246974,100,296.416049
0.114374,4,296.436087
0.231808,18,296.526379
-0.255097,100,297.011489
0.215967,41,297.213474
-0.325397,100,297.720626
0.358721,72,298.070799
-0.01,1,298.076101
0.246001,7,298.110455
0.347889,33,298.268892
0.03728,3,298.287439
0.418752,35,298.468184
0.133369,12,298.525564
0.499152,45,298.744283
0.043768,39,298.934541
-0.338497,100,299.424206
0.008191,94,299.876989
0.307775,44,300.090134
-0.077215,100,300.575198
-0.196945,100,301.046244
-0.20304,100,301.53489
-0.221777,100,302.018507
-0.364917,35,302.186363
-0.060062,38,302.373062
0.061726,84,302.781018
0.550376,31,302.931163
0.374902,16,303.013665
-0.062166,100,303.501944
0.156124,54,303.770246
0.421867,21,303.87574
0.582351,24,303.992177
0.07263,26,304.118127
-0.10744,47,304.345592
0.069786,7,304.380676
0.181418,33,304.543392
-0.063872,48,304.775937
-0.144447,77,305.147784
0.058232,37,305.333181
0.074031,12,305.392736
-0.086782,100,305.868485
0.288803,72,306.206713
0.109749,83,306.601346
-0.031504,100,307.085445
-0.025528,100,307.585448
0.251614,10,307.634719
-0.141824,100,308.116599
-0.098962,39,308.31074
-0.195226,100,308.800519
-0.325546,100,309.277943
-0.339288,100,309.756714
0.337238,38,309.939695
0.035908,40,310.12718
-0.218156,100,310.605626
0.021698,100,311.086569
-0.121154,100,311.567912
0.050774,93,312.013504
-0.241546,99,312.480357
0.331885,29,312.62231
-0.152771,40,312.816053
0.143226,28,312.951945
-0.194548,21,313.051327
0.030976,77,313.428565
0.163957,52,313.681918
0.233094,11,313.7343
0.165604,51,313.983411
0.129896,38,314.162249
-0.072287,100,314.649209
-0.371874,100,315.125502
0.254749,19,315.215996
0.032888,62,315.51811
-0.70255,100,315.992678
-0.026196,80,316.370732
0.018269,42,316.569738
-0.520475,100,317.047951
0.177815,95,317.516644
-0.556932,100,317.998394
0.004815,2,318.00835
-0.33696,100,318.495735
-0.193439,100,318.969441
-0.137009,100,319.455719
0.256868,45,319.685368
-0.230136,100,320.166249
-0.212762,68,320.491557
-0.064327,100,320.961692
-0.079683,100,321.447702
0.200937,72,321.798223
-0.369103,100,322.28886
-0.050757,100,322.759627
0.005307,93,323.202047
-0.116668,100,323.690052
0.274103,17,323.771594
-0.421935,100,324.241246
-0.0687,100,324.708696
-0.146555,75,325.065018
-0.130251,100,325.544964
0.190166,43,325.749581
0.154068,46,325.980414
0.15264,61,326.267638
0.234102,32,326.424297
-0.025222,67,326.748407
-0.101778,64,327.068855
0.126396,11,327.12275
-0.051903,100,327.622257
0.254087,43,327.828281
-0.01731,100,328.302912
0.00798,3,328.319431
0.194627,59,328.611905
-0.385883,22,328.714114
0.279178,36,328.88632
0.17115,16,328.963496
0.183512,12,329.022817
-0.018862,36,329.196922
0.320154,14,329.265208
0.371548,12,329.321816
-0.751603,97,329.799019
0.256107,93,330.246686
0.141278,86,330.658537
-0.541653,100,331.131784
0.618543,28,331.268813
0.035883,5,331.293557
0.309401,42,331.502949
-0.004599,94,331.953919
0.48621,31,332.109157
-0.088806,100,332.590421
0.05022,16,332.671354
0.207139,43,332.878735
0.095693,22,332.985703
0.38782,27,333.117701
-0.004089,46,333.333747
-0.18168,100,333.816216
0.141339,82,334.214437
-0.196223,100,334.687718
0.385647,44,334.89973
-0.564396,100,335.380518
-0.581093,100,335.868505
-0.643697,100,336.350307
0.145543,53,336.604295
0.168563,58,336.887352
-0.014019,100,337.378295
0.127714,44,337.603565
0.090969,94,338.066327
0.326032,30,338.212584
-0.119011,100,338.708698
-0.36807,100,339.204827
-0.12947,100,339.695362
0.073442,45,339.913745
0.114313,44,340.128223
-0.063208,56,340.394839
0.212777,94,340.840389
0.467684,31,340.989012
-0.381158,100,341.473806
0.388042,41,341.671728
-0.036867,100,342.154587
-0.213949,91,342.62893
-0.112116,100,343.103467
0.196535,37,343.285558
0.080703,9,343.330635
0.097362,9,343.376043
-0.007659,100,343.863459
0.186677,91,344.30178
-0.221047,100,344.768146
0.323228,25,344.888406
0.298156,51,345.132332
-0.009195,90,345.563931
0.246362,55,345.825397
-0.222096,100,346.298372
0.034114,46,346.516362
-0.416255,88,346.93686
0.276445,22,347.044753
0.166474,88,347.464413
-0.099524,82,347.862441
-0.375379,100,348.341958
0.183332,59,348.641834
0.198633,21,348.743742
-0.273398,67,349.066414
-0.478724,100,349.548429
-0.051524,100,350.040179
-0.01,1,350.045726
0.214424,15,350.120109
0.232962,22,350.229464
-0.075467,100,350.714129
0.135717,5,350.739628
0.001041,7,350.776778
0.194369,59,351.06451
0.376346,51,351.313426
0.543066,27,351.443807
-0.056096,100,351.937464
0.004149,48,352.171162
-0.26398,100,352.658485
0.123183,5,352.684968
0.217356,10,352.735926
-0.14266,97,353.205921
0.33717,32,353.358282
0.1995,11,353.41368
-0.058899,100,353.905918
0.289349,17,353.988766
-0.105218,95,354.446439
-0.020005,100,354.927536
0.125933,24,355.046764
0.071965,32,355.196534
0.287027,47,355.419886
-0.064806,100,355.904641
-0.065199,55,356.172011
0.548618,26,356.298223
0.316945,40,356.490079
0.226459,59,356.774367
-0.391172,48,357.014999
0.05755,6,357.0446
0.317605,54,357.301526
0.537757,24,357.425531
0.489652,33,357.605
-0.452283,100,358.084964
0.125205,5,358.110434
-0.150507,36,358.280891
-0.158057,11,358.341886
0.399557,22,358.456744
-0.065775,100,358.943584
-0.04967,63,359.256835
-0.14145,100,359.751133
0.413093,14,359.817512
0.14831,89,360.253324
0.091442,48,360.482658
-0.312123,100,360.961434
-0.200877,100,361.433539
-0.024356,70,361.76819
-0.104141,70,362.109069
-0.107145,92,362.552774
-0.273165,99,363.029022
0.086639,81,363.416742
0.298196,13,363.477805
-0.216799,100,363.965417
-0.093003,100,364.450269
-0.325662,100,364.938042
-0.430377,100,365.417966
0.106965,86,365.839339
0.121354,17,365.926439
0.211473,18,366.016005
-0.15416,37,366.195626
0.016712,100,366.677316
0.1007,3,366.693598
-0.163752,92,367.13612
0.046604,2,367.147081
0.160603,27,367.277145
0.477078,48,367.52494
0.258329,36,367.703562
0.093641,4,367.723735
0.104387,63,368.027288
0.193482,22,368.134111
0.05903,18,368.220252
0.050482,44,368.443074
0.280687,34,368.610104
-0.004071,95,369.071441
0.260409,33,369.234149
-0.473671,100,369.722326
0.17431,98,370.192634
0.157097,21,370.294846
0.279298,46,370.518919
-0.413059,100,371.003585
-0.001551,100,371.484494
0.272058,80,371.871044
0.335111,74,372.234287
0.227457,87,372.653156
-0.064369,88,373.067443
0.062478,70,373.410638
-0.119389,100,373.898633
0.175233,37,374.077676
0.048969,13,374.142922
0.04761,3,374.158538
0.564897,22,374.263128
0.06751,4,374.28287
0.311659,13,374.349532
-0.199945,26,374.473744
0.434044,54,374.735573
0.230744,65,375.056814
-0.280563,100,375.545314
0.083954,59,375.834408
-0.067828,100,376.323851
0.322861,83,376.724792
0.312427,28,376.861366
0.128732,70,377.202156
0.288177,86,377.628524
0.220405,52,377.883753
-0.100665,88,378.306347
-0.027083,100,378.794851
-0.070042,100,379.267217
0.452288,35,379.434236
0.169672,5,379.460943
0.439277,30,379.603149
0.019696,100,380.090782
-0.37465,18,380.177119
0.250477,26,380.303183
0.217191,55,380.560183
-0.231291,100,381.036066
0.26063,10,381.08363
-0.134689,89,381.511552
-0.508573,100,382.003851
0.52119,25,382.125623
-0.10703,100,382.60222
0.219788,35,382.772419
0.180181,51,383.021053
-0.477027,100,383.490004
0.083119,22,383.597129
0.099995,89,384.017381
-0.123096,100,384.499803
0.002456,57,384.763205
0.013806,2,384.775261
-0.008828,100,385.248689
-0.021115,92,385.687337
0.143995,70,386.031205
-0.01,1,386.036391
0.140924,7,386.071347
-0.107575,100,386.545116
0.338211,17,386.626856
0.519996,30,386.768119
0.241598,29,386.913642
-0.201895,100,387.409487
-0.331722,100,387.910577
0.288386,40,388.10016
0.382985,12,388.160331
0.051144,64,388.476853
0.250923,29,388.624056
0.295372,40,388.820303
0.457441,29,388.967741
0.169004,98,389.458249
0.409973,26,389.585234
-0.034532,100,390.071963
0.43692,53,390.327276
0.169854,87,390.749205
0.023536,87,391.166977
-0.127103,57,391.445337
0.184657,37,391.629296
-0.283996,100,392.129418
0.24422,50,392.375617
0.324223,60,392.668103
-0.073906,100,393.153127
0.098597,18,393.241289
-0.040805,90,393.6762
0.095434,8,393.716132
-0.160766,100,394.206297
0.117757,5,394.232206
0.4928,28,394.366624
0.557548,15,394.438794
0.158765,6,394.470161
0.199449,4,394.489786
0.175134,50,394.728319
-0.220925,100,395.210917
0.007234,97,395.678171
-0.153911,100,396.167514
-0.274035,100,396.645315
-0.043227,20,396.741591
-0.121582,100,397.240949
0.145305,96,397.716933
-0.068233,37,397.899548
-0.281361,100,398.392034
0.338553,23,398.507786
0.318718,53,398.762588
-0.497999,100,399.24234
0.146546,10,399.290107
-0.289481,100,399.771707
0.207294,31,399.924801
0.052998,76,400.285953
0.017097,100,400.765816
0.279388,11,400.82021
-0.056941,80,401.20749
0.283022,32,401.36091
-0.007689,100,401.839915
-0.223658,100,402.328762
0.132362,16,402.408969
-0.034487,100,402.900692
0.059024,35,403.075463
0.17719,42,403.284202
0.458887,54,403.549553
-0.160473,77,403.925469
-0.030952,100,404.415817
0.138662,4,404.439609
-0.10721,68,404.776519
-0.11075,100,405.257529
-0.036435,81,405.644506
0.132816,94,406.106703
-0.296149,100,406.593173
0.125161,27,406.725389
0.159935,57,407.011317
0.154151,28,407.151723
0.424799,23,407.264745
0.301571,43,407.482156
-0.076777,100,407.965653
0.258276,13,408.034984
0.286393,19,408.126817
0.216434,5,408.151216
0.333785,27,408.28475
-0.497044,92,408.741976
0.224995,53,408.996614
0.259035,72,409.347645
0.23631,57,409.623206
0.001182,100,410.115654
0.013383,100,410.600531
0.158,100,411.079734
0.401642,45,411.302751
-0.364043,100,411.790612
-0.379193,90,412.231659
0.132503,80,412.614268
0.056111,73,412.97031
-0.165898,100,413.468473
0.425035,65,413.782816
-0.437864,100,414.260266
-0.095162,100,414.73101
0.090919,53,414.986051
0.316449,13,415.047169
-0.022535,65,415.358952
-0.017728,90,415.787631
-0.147038,100,416.275963
0.443524,33,416.440667
0.080726,8,416.479959
0.086844,4,416.501258
0.411219,47,416.7292
-0.005455,100,417.221915
0.197245,68,417.566494
-0.049095,100,418.046311
-0.07574,100,418.535328
0.254045,11,418.593458
0.240429,51,418.842513
-0.113714,65,419.150623
-0.565357,100,419.641714
-0.01,1,419.647237
-0.124473,36,419.818157
-0.09522,68,420.149787
-0.261339,100,420.627571
-0.219028,100,421.104257
-0.097316,100,421.580222
-0.009087,100,422.069
-0.200946,100,422.562657
0.45722,62,422.868152
0.252372,15,422.94047
0.010361,2,422.9513
0.241277,11,423.005277
0.043093,28,423.13843
-0.159558,100,423.623405
-0.009763,100,424.109647
0.067941,60,424.412427
0.30445,50,424.651387
-0.40983,100,425.13164
-0.107224,100,425.606172
0.26138,61,425.900218
-0.944501,100,426.384296
0.277513,19,426.476218
0.445232,35,426.64631
0.276518,20,426.746484
0.224419,80,427.13196
-0.01,1,427.137254
-0.059383,100,427.640862
0.429993,36,427.818194
0.285273,15,427.892595
-0.460843,100,428.386213
-0.01,1,428.391795
0.166211,18,428.481867
-0.062934,100,428.95921
0.405672,46,429.182684
0.012139,100,429.660553
-0.142195,100,430.142886
0.181932,24,430.264536
0.094108,91,430.701587
0.011914,52,430.953467
-0.31801,100,431.431411
-0.228941,100,431.913037
-0.105314,100,432.398361
0.023458,83,432.802974
-0.361767,100,433.280145
-0.229033,100,433.768386
0.323278,50,434.008889
0.079444,35,434.176875
0.21477,74,434.538949
0.023286,100,435.014799
-0.261865,100,435.487431
0.204296,97,435.949468
0.488123,28,436.089921
0.365784,50,436.338023
0.481796,32,436.491455
0.218854,38,436.675788
-0.100493,37,436.852667
-0.195252,100,437.3541
-0.216414,100,437.847367
-0.340067,100,438.333026
0.267283,44,438.55375
0.16534,80,438.941993
0.280811,20,439.037522
-0.47222,66,439.352633
0.173371,55,439.618196
-0.420681,100,440.095296
0.121253,3,440.110907
0.249784,69,440.443404
-0.23641,86,440.85308
0.099998,99,441.323483
0.384338,19,441.418175
0.320055,5,441.442159
0.057886,7,441.478239
-0.21591,50,441.72093
0.530744,12,441.779957
-0.219927,100,442.265852
0.310171,33,442.431585
-0.306586,100,442.919697
0.065589,4,442.939348
0.43056,43,443.145808
-0.030092,59,443.427356
0.40207,34,443.592519
-0.009067,100,444.077081
0.217189,55,444.347666
-0.189431,41,444.546292
0.449109,34,444.708466
0.387179,40,444.907351
0.211342,70,445.250698
0.050113,91,445.682795
-0.110533,100,446.162085
-0.136509,66,446.480855
-0.3286,100,446.957481
0.127374,24,447.074078
0.027658,75,447.435626
-0.01,1,447.441437
-0.46749,100,447.929923
0.053691,90,448.373573
-0.116104,100,448.861354
0.109842,44,449.078156
0.020158,100,449.560833
-0.5861,85,449.964146
0.018595,100,450.445956
0.246851,10,450.492802
0.277272,46,450.712562
0.149146,75,451.075717
0.17687,11,451.127663
-0.328633,97,451.592431
0.398263,39,451.783707
0.072109,37,451.972531
0.161299,21,452.07262
0.466367,32,452.225486
-0.121321,43,452.434082
-0.079357,100,452.916425
0.457653,38,453.099893
-0.320518,100,453.593802
0.300536,55,453.865364
-0.136275,100,454.339746
0.161174,16,454.419114
0.10742,3,454.435237
0.405272,34,454.599859
-0.227309,92,455.042431
0.101673,88,455.464138
0.027171,90,455.898049
0.169074,24,456.01548
0.154631,15,456.088984
0.451604,13,456.154876
0.462417,32,456.311791
0.188112,11,456.362914
-0.294198,97,456.830418
0.333703,52,457.088181
-0.059519,100,457.585084
-0.195585,100,458.060558
-0.022579,52,458.317438
0.34485,40,458.521254
-0.210076,100,458.993727
0.418101,39,459.179569
-0.216024,100,459.65075
0.516099,27,459.779598
0.066484,2,459.790321
0.352981,61,460.077407
0.143211,3,460.094184
0.283049,26,460.216742
-0.172392,100,460.694294
-0.129466,100,461.166227
-0.085699,100,461.640419
-0.056102,100,462.12225
0.158652,57,462.395142
0.165757,83,462.804988
-0.028034,100,463.286758
0.159515,4,463.306091
-0.102964,100,463.791088
0.39298,40,463.982203
-0.11011,100,464.473721
0.136173,10,464.523154
0.072686,55,464.782671
-0.115137,100,465.26091
0.126747,33,465.419806
0.040423,100,465.896253
0.45947,31,466.043728
0.243055,13,466.107604
-0.260223,100,466.595024
0.160559,89,467.026203
0.220617,50,467.266833
-0.066674,100,467.772083
-0.249748,100,468.260387
-0.081148,100,468.761286
0.197903,25,468.882525
0.540497,33,469.045155
-0.20841,100,469.53135
-0.403399,100,470.015563
-0.977228,100,470.492601
-0.583532,100,470.971186
0.316033,68,471.300339
0.287301,19,471.392263
0.374819,39,471.576767
0.215973,25,471.697899
0.226815,59,471.98929
-0.230651,75,472.347246
0.008975,100,472.836175
0.257844,59,473.117762
0.179842,8,473.160437
0.302101,72,473.506695
0.258139,66,473.820244
0.363541,42,474.023327
-0.012408,100,474.505487
-0.083209,100,474.994983
0.163534,82,475.388539
0.411726,42,475.591399
-0.290104,100,476.063942
-0.333936,71,476.403637
-0.085768,100,476.88335
-0.263646,54,477.139344
0.24981,7,477.175608
0.298381,68,477.509614
-0.027954,51,477.760723
0.183214,49,478.000698
0.122066,31,478.148614
0.058838,85,478.563823
0.312914,54,478.829156
0.295397,58,479.10728
0.223051,15,479.181154
0.093011,7,479.215093
0.288095,50,479.450734
-0.089609,96,479.906645
-0.183454,34,480.068261
0.00935,2,480.07902
0.21479,25,480.198236
-0.658712,100,480.670711
-0.102982,100,481.153507
-0.100587,100,481.631689
0.102577,74,481.990314
0.14196,13,482.052585
-0.264064,100,482.53435
0.099294,27,482.670749
0.266161,73,483.020076
0.362755,57,483.306685
-0.006405,100,483.780342
